product_type,product_name,product_price,product_brand,product_model,product_mousemodel,product_lr,product_buttons,product_sensor,product_dpi,product_connection,product_os,product_dimensions,product_color
Muizen,"Trust Vivy Draadloos Mini Muis Zwart","16,99","Trust","17639","Compact","Linkshandig, Rechtshandig","3 knoppen","Optisch","None","Draadloos","Nee","5,8 cm x 5 cm x 3,5 cm","Zwart"
Muizen,"Logitech Wireless Mouse M235","29,99","Logitech","910-002201","Compact","Linkshandig, Rechtshandig","3 knoppen","Optisch","None","Draadloos","Nee","5,5 cm x 9,5 cm x 3,86 cm","Grijs, Zwart"
Muizen,"Microsoft Wireless Mobile Mouse 3500","28,99","Microsoft","GMF-00292","Compact","Linkshandig, Rechtshandig","3 knoppen","Optisch","None","Draadloos","Nee","5,62 cm x 9,54 cm x 4,03 cm","Zwart"
Muizen,"Trust Primo Optische Muis Zwart","14,99","Trust","21791","Compact","Linkshandig, Rechtshandig","3 knoppen","Optisch","None","Bedraad","Nee","5,5 cm x 9 cm x 3,5 cm","Zwart"
Muizen,"Apple Magic Mouse 2","82,99","Apple","mla02z/a","Full-size","Linkshandig, Rechtshandig","None","Laser","None","Draadloos","Nee","5,71 cm x 11,35 cm x 2,16 cm","Wit"
Muizen,"Logitech M280 Draadloze Muis Zwart","24,99","Logitech","910-004287","Compact","Rechtshandig","3 knoppen","Optisch","None","Draadloos","Nee","10,54 cm x 6,79 cm x 3,84 cm","Zwart"
Gaming muizen,"Logitech G502 Proteus Spectrum","69,-","Logitech G","910-004618","None","Rechtshandig","11 knoppen","Optisch","None","Bedraad","Ja","7,5 cm x 13,2 cm x 4 cm","Zwart"
Muizen,"Logitech M720 Triathlon Bluetooth Muis","68,99","Logitech","910-004791","Full-size","Rechtshandig","8 knoppen","Optisch","None","Draadloos","Nee","7,4 cm x 11,5 cm x 4,5 cm","Zwart, Zilver"
Gaming muizen,"Logitech G900 Chaos Spectrum","119,99","Logitech G","910-004608","None","Linkshandig, Rechtshandig","7 knoppen","Optisch","None","Draadloos","Ja","6,7 cm x 13 cm x 4 cm","Zwart"
Gaming muizen,"Trust GXT 158","29,99","Trust","20324","None","Linkshandig, Rechtshandig","8 knoppen","Laser","None","Bedraad","None","7,6 cm x 12,3 cm x 3,6 cm","Blauw, Rood, Wit"
Muizen,"Veripart Compacte Draadloze Muis","14,99","Veripart","21740","Compact","Linkshandig, Rechtshandig","4 knoppen","Optisch","None","Draadloos","Nee","6 cm x 2,7 cm x 10,7 cm","Grijs, Zwart"
Muizen,"HP X3500 Draadloze Muis Zwart","24,99","HP","H4K65AA","Compact","Linkshandig, Rechtshandig","3 knoppen","Optisch","None","Draadloos","Nee","6,92 cm x 11,9 cm x 3,81 cm","Zwart"
Muizen,"HP X1500 Optische Muis","17,99","HP","H4K66AA","Full-size","Linkshandig, Rechtshandig","None","Optisch","None","Bedraad","Nee","6,9 cm x 3,8 cm x 11,9 cm","Zwart"
Muizen,"Logitech Wireless Mouse M705","49,99","Logitech","910-001949","Compact","Rechtshandig","5 knoppen","Laser","None","Draadloos","Nee","10,9 cm x 4 cm x 7 cm","Grijs, Zwart"
Muizen,"Logitech MX Anywhere 2 Wireless Muis","59,99","Logitech","910-004374","Compact","Rechtshandig","5 knoppen","Laser","None","Draadloos","Nee","6,16 cm x 10,03 cm x 3,44 cm","Zwart"
Muizen,"Logitech MX Master Wireless Muis","74,99","Logitech","910-004362","Full-size","Rechtshandig","7 knoppen","Laser","None","Draadloos","Nee","8,57 cm x 12,6 cm x 4,84 cm","Zwart"
Muizen,"Logitech Corded Mouse M500","39,99","Logitech","910-003726","Full-size","Rechtshandig","4 knoppen","Laser","None","Bedraad","Nee","6,9 cm x 12,6 cm x 4,2 cm","Grijs"
Muizen,"HP X4500 Draadloze Muis","29,99","HP","H2W26AA","Full-size","Rechtshandig","3 knoppen","Laser","None","Draadloos","Nee","11,395 cm x 7,42 cm x 3,85 cm","Zwart"
Muizen,"Trust Yvi Draadloze Muis Zwart","16,99","Trust","18519","Compact","Linkshandig, Rechtshandig","4 knoppen","Optisch","None","Draadloos","Nee","5,6 cm x 9,5 cm x 3,9 cm","Zwart"
Muizen,"Logitech M330 Silent Draadloze Muis Zwart","32,99","Logitech","910-004909","Compact","Rechtshandig","3 knoppen","Optisch","None","Draadloos","Nee","10,54 cm x 3,84 cm x 6,79 cm","Zwart"
Muizen,"Logitech Mouse M90","21,99","Logitech","910-001793","Compact","Linkshandig, Rechtshandig","3 knoppen","Optisch","None","Bedraad","Bedraad","8,7 cm x 13,2 cm x 4,2 cm","Zwart"
Muizen,"Logitech M220 Silent Draadloze Muis Blauw","21,99","Logitech","910-004879","Compact","Linkshandig, Rechtshandig","3 knoppen","Optisch","None","Draadloos","Nee","9,9 cm x 3,9 cm x 6 cm","Blauw"
Gaming muizen,"Razer DeathAdder Elite","73,-","Razer","142997","None","Rechtshandig","7 knoppen","Optisch","None","Bedraad","Ja","7 cm x 12,7 cm x 4,4 cm","Zwart"
Gaming muizen,"Logitech G403 Prodigy Corded","59,-","Logitech G","910-004825","None","Rechtshandig","6 knoppen","Optisch","None","Bedraad","Ja","6,8 cm x 12,4 cm x 4,3 cm","Zwart"
Muizen,"HP X3000 Wireless Mouse","21,99","HP","H2C22AA#ABB","Compact","Linkshandig, Rechtshandig","2 knoppen","Optisch","None","Draadloos","Nee","5,588 cm x 3,81 cm x 9,398 cm","Zwart"
Muizen,"Logitech Wireless Mouse M560 Zwart","44,99","Logitech","910-003882","Full-size","Linkshandig, Rechtshandig","5 knoppen","Optisch","None","Draadloos","Nee","11,2 cm x 6,8 cm x 3,9 cm","Zwart"
Muizen,"Logitech M220 Silent Draadloze Muis Rood","21,99","Logitech","910-004880","Compact","Linkshandig, Rechtshandig","3 knoppen","Optisch","None","Draadloos","Nee","9,9 cm x 3,9 cm x 6 cm","Rood"
Muizen,"Apple Magic Trackpad 2","144,90","Apple","mj2r2z/a","Trackpad","Linkshandig, Rechtshandig","None","Touch","None","Draadloos","Nee","16 cm x 11,49 cm x 0,49 cm","Zilver"
Muizen,"Trust Evo Advanced Laser Muis","33,99","Trust","19829","Full-size","Rechtshandig","8 knoppen","Laser","None","Draadloos","Nee","8,2 cm x 12,5 cm x 4,6 cm","Zwart, Zilver"
Gaming muizen,"Razer Mamba Tournament Edition","89,-","Razer","124881","None","Rechtshandig","9 knoppen","Laser","None","Bedraad","Ja","7 cm x 12,8 cm x 4,25 cm","Zwart"
Muizen,"Logitech MX Master 2S Draadloze Muis Zwart","109,99","Logitech","910-005139","Full-size","Rechtshandig","7 knoppen","Laser","None","Draadloos","Ja","8,5 cm x 12,6 cm x 4,8 cm","Zwart"
Muizen,"Logitech Wireless Trackball M570","72,99","Logitech","910-001882","Full-size","Rechtshandig","5 knoppen","Trackball","None","Draadloos","None","14,5 cm x 4,5 cm x 9,5 cm","Zwart"
Gaming muizen,"Trust GXT 152 Illuminated","21,99","Trust","19509","None","Linkshandig, Rechtshandig","6 knoppen","Optisch","None","Bedraad","Ja","7,9 cm x 12,1 cm x 3,8 cm","Oranje"
Muizen,"HP Z3700 Draadloze Muis Zwart","22,99","HP","V0L79AA","Full-size","Linkshandig, Rechtshandig","2 knoppen","Laser","None","Draadloos","Nee","6 cm x 10,1 cm x 2,53 cm","Zwart"
Muizen,"Logitech Wireless Mouse M325 (Grijs)","34,99","Logitech","910-002142","Compact","Linkshandig, Rechtshandig","3 knoppen","Optisch","None","Draadloos","Nee","9,47 cm x 3,91 cm x 5,7 cm","Grijs, Zwart"
Muizen,"Microsoft Wireless Mobile Mouse 3600 Rood","34,99","Microsoft","PN7-00014","Compact","Linkshandig, Rechtshandig","3 knoppen","Optisch","None","Draadloos","Nee","9,53 cm x 5,69 cm x 4,04 cm","Rood"
Muizen,"Trust Yvi Draadloze Muis Blauw","16,99","Trust","19663","Compact","Linkshandig, Rechtshandig","4 knoppen","Optisch","None","Draadloos","Nee","5,6 cm x 9,5 cm x 3,9 cm","Blauw"
Gaming muizen,"Logitech G300s","39,-","Logitech G","910-004346","Full-size","Linkshandig, Rechtshandig","9 knoppen","Optisch","None","Bedraad","Ja","7,2 cm x 11,3 cm x 4 cm","Zwart"
Gaming muizen,"Razer Naga Chroma","89,-","Razer","129387","None","Rechtshandig","19 knoppen","Laser","None","Bedraad","Ja","7,5 cm x 11,9 cm x 4,3 cm","Zwart"
Muizen,"Trust Evo Draadloze Muis","34,99","Trust","21241","Full-size","Rechtshandig","8 knoppen","Optisch","None","Draadloos","Nee","8,2 cm x 4,6 cm x 12,5 cm","Zwart"
Muizen,"Microsoft Arc Touch Mouse Surface Edition Grijs","89,99","Microsoft","CZV-00002","Full-size","Linkshandig, Rechtshandig","2 knoppen","Laser","None","Draadloos","Nee","5,7 cm x 13 cm x 1,45 cm","Grijs"
Gaming muizen,"Logitech G603 Lightspeed Wireless Gaming Mouse","79,99","Logitech G","910-005102","None","Linkshandig, Rechtshandig","6 knoppen","Laser","None","Draadloos","Ja","5 cm x 14 cm x 20 cm","Zwart"
Muizen,"Trust Yvi Draadloze Muis Flower","17,99","Trust","19521","Compact","Linkshandig, Rechtshandig","4 knoppen","Optisch","None","Draadloos","Nee","5,6 cm x 9,5 cm x 3,9 cm","Wit, Blauw"
Muizen,"Trust MaxTrack Mouse","19,99","Trust","17178","Full-size","Rechtshandig","5 knoppen","Laser","None","Bedraad","Nee","7,9 cm x 13 cm x 4,2 cm","Zwart, Zilver"
Gaming muizen,"Corsair Harpoon RGB","32,99","Corsair","CH-9301011-EU","None","Rechtshandig","6 knoppen","Optisch","None","Bedraad","Ja","6,83 cm x 11,15 cm x 4,04 cm","Rood"
Muizen,"HP Wireless Mouse X3000 Wit","21,99","HP","N4G64AA","Compact","Linkshandig, Rechtshandig","2 knoppen","Optisch","None","Draadloos","Nee","9,5 cm x 5,7 cm x 3,9 cm","Wit"
Gaming muizen,"Trust GXT 25","19,99","Trust","18307","Full-size","Rechtshandig","7 knoppen","Optisch","None","Bedraad","Ja","7,7 cm x 11,5 cm x 3,9 cm","Zwart"
Muizen,"Logitech M535 Bluetooth Muis Blauw","49,99","Logitech","910-004531","Compact","Linkshandig, Rechtshandig","4 knoppen","Optisch","None","Draadloos","Nee","6,11 cm x 10,05 cm x 3,3 cm","Blauw"
Muizen,"HP Spectre Bluetooth Muis Zilver","44,99","HP","1AM58AA","Full-size","Linkshandig, Rechtshandig","2 knoppen","Optisch","None","Draadloos","Nee","6,5 cm x 12,13 cm x 3 cm","Zilver"
Muizen,"Trust Yvi Draadloze Muis Rood","16,99","Trust","19522","Compact","Linkshandig, Rechtshandig","4 knoppen","Optisch","None","Draadloos","Nee","5,6 cm x 9,5 cm x 3,9 cm","Rood"
Gaming muizen,"Trust GXT 130","35,99","Trust","20687","None","Rechtshandig","9 knoppen","Optisch","None","Draadloos","Ja","8,1 cm x 11,9 cm x 4,2 cm","Rood"
Gaming muizen,"Corsair Sabre RGB Zwart","49,99","Corsair","CH-9303011-EU","None","Rechtshandig","8 knoppen","Optisch","None","Bedraad","Ja","8 cm x 12,4 cm x 3,8 cm","Zwart"
Muizen,"Trust MaxTrack Wireless Mini Mouse","17,99","Trust","17177","Compact","Rechtshandig","6 knoppen","Laser","None","Draadloos","Nee","7,9 cm x 13 cm x 4,2 cm","Zwart, Zilver"
Muizen,"Logitech Wireless Mouse M185","24,99","Logitech","910-002235","Compact","Linkshandig, Rechtshandig","3 knoppen","Optisch","None","Draadloos","Nee","6 cm x 9,9 cm x 3,9 cm","Grijs"
Muizen,"HP Z3700 Draadloze Muis Zilver","22,99","HP","X7Q44AA","Full-size","Linkshandig, Rechtshandig","2 knoppen","Laser","None","Draadloos","Nee","6 cm x 10,1 cm x 2,53 cm","Goud"
Muizen,"Microsoft Sculpt Ergonomische Muis","52,99","Microsoft","L6V-00003","Full-size","Rechtshandig","7 knoppen","Laser","None","Draadloos","Nee","5,67 cm x 9,82 cm x 9,82 cm","Zwart"
Muizen,"HP Z3700 Draadloze Muis Wit","22,99","HP","V0L80AA","Full-size","Linkshandig, Rechtshandig","2 knoppen","Laser","None","Draadloos","Nee","6 cm x 10,1 cm x 2,53 cm","Wit"
Muizen,"Logitech M330 Silent Draadloze Muis Blauw","32,99","Logitech","910-004910","Compact","Linkshandig, Rechtshandig","3 knoppen","Optisch","None","Draadloos","Nee","9,9 cm x 3,9 cm x 6 cm","Blauw"
Muizen,"HP Z3700 Draadloze Muis Blauw","22,99","HP","V0L81AA","Full-size","Linkshandig, Rechtshandig","2 knoppen","Laser","None","Draadloos","Nee","6 cm x 10,1 cm x 2,53 cm","Blauw"
Muizen,"Trust EasyClick Muis Zwart","34,99","Trust","16535","Full-size","Rechtshandig","5 knoppen","Optisch","None","Bedraad","Nee","4,6 cm x 12,8 cm x 4,6 cm","Zwart, Zilver"
Gaming muizen,"Sharkoon Shark Force Zwart","20,99","Sharkoon","4044951013975","None","Rechtshandig","6 knoppen","Optisch","None","Bedraad","Ja","7,6 cm x 12,4 cm x 4 cm","Blauw"
Muizen,"Microsoft Arc Bluetooth Muis Zwart","89,99","Microsoft","ELG-00002","Compact","Linkshandig, Rechtshandig","2 knoppen","Optisch","None","Draadloos","Nee","55,11 cm x 131,31 cm x 14,22 cm","Zwart"
Muizen,"Evoluent 4 Rechtshandige Muis","108,95","Evoluent","BNEEVR4","Full-size","Rechtshandig","5 knoppen","Optisch","None","Bedraad","Nee","8,6 cm x 10,6 cm x 8,1 cm","Grijs, Zwart"
Gaming muizen,"Logitech G PRO Gaming Mouse","69,-","Logitech G","910-004857","None","Rechtshandig","6 knoppen","Optisch","None","Bedraad","Ja","6,215 cm x 11,66 cm x 3,82 cm","Zwart"
Gaming muizen,"Logitech G703 Lightspeed Wireless Gaming Mouse","109,-","Logitech G","910-005094","None","Rechtshandig","5 knoppen","Optisch","None","Draadloos","Ja","6,8 cm x 4,3 cm x 12,4 cm","Zwart"
Muizen,"Logitech M330 Silent Draadloze Muis Rood","32,99","Logitech","910-004911","Compact","Rechtshandig","3 knoppen","Optisch","None","Draadloos","Nee","10,54 cm x 3,84 cm x 6,79 cm","Rood"
Gaming muizen,"Logitech G403 Prodigy Wireless","94,-","Logitech G","910-004818","None","Rechtshandig","6 knoppen","Optisch","None","Draadloos","Ja","6,8 cm x 12,4 cm x 4,3 cm","Zwart"
Gaming muizen,"Corsair Glaive Aluminium Gaming Muis Zwart","79,-","Corsair","CH-9302111-EU","None","Rechtshandig","6 knoppen","Optisch","None","Bedraad","Ja","0,65 cm x 1,25 cm x 0,44 cm","Zwart"
Gaming muizen,"Trust GXT 148","26,99","Trust","21197","None","Rechtshandig","8 knoppen","Optisch","None","Bedraad","Ja","7,6 cm x 12,3 cm x 3,6 cm","Rood"
Muizen,"Trust Evo Advanced Draadloze Laser Muis","37,99","Trust","20249","Compact","Rechtshandig","8 knoppen","Laser","None","Draadloos","Nee","8,2 cm x 4,6 cm x 12,5 cm","Zwart"
Muizen,"HP Spectre Bluetooth Muis Zwart","44,99","HP","1AM57AA","Full-size","Linkshandig, Rechtshandig","2 knoppen","Optisch","None","Draadloos","Nee","6,5 cm x 12,13 cm x 3 cm","Zwart"
Muizen,"Trust Yvi Draadloze Muis Purple Dream Catcher","16,99","Trust","20252","Compact","Linkshandig, Rechtshandig","4 knoppen","Optisch","None","Draadloos","Nee","6,6 cm x 3,9 cm x 10,9 cm","Zwart"
Muizen,"Logitech Wireless Mouse M525","49,99","Logitech","910-004932","Compact","Linkshandig, Rechtshandig","5 knoppen","Optisch","None","Draadloos","Nee","5,7 cm x 10,15 cm x 3,83 cm","Zwart"
Gaming muizen,"Corsair Scimitar Pro RGB Zwart","84,-","Corsair","CH-9304111-EU","None","Rechtshandig","17 knoppen","Optisch","None","Bedraad","Ja","7,7 cm x 12 cm x 1,67 cm","Zwart, Zilver"
Muizen,"Speedlink Descano Ergonomische Verticale Muis Zwart","41,99","Speedlink","SL-6168-RRBK","Full-size","Rechtshandig","5 knoppen","Optisch","None","Bedraad","Nee","7,2 cm x 6 cm x 12,7 cm","Zwart"
Muizen,"HP Z3200 Draadloze Muis Wit","26,99","HP","E5J19AA","Compact","Linkshandig, Rechtshandig","3 knoppen","Optisch","None","Draadloos","Nee","5,75 cm x 9,5 cm x 3,35 cm","Wit"
Gaming muizen,"BenQ Zowie EC1-A White (Large)","64,99","BenQ","9H.N0PBB.A3E","None","Rechtshandig","5 knoppen","Optisch","None","Bedraad","Ja","6,9 cm x 12,8 cm x 4,3 cm","Wit"
Gaming muizen,"Sharkoon FireGlider Rood","31,99","Sharkoon","NMZS58","Full-size","Rechtshandig","7 knoppen","Laser","None","Bedraad","Ja","13 cm x 6,5 cm x 4,5 cm","Rood"
Gaming muizen,"BenQ Zowie EC2-A (Medium)","64,99","BenQ","9H.N03BB.A2E","None","Rechtshandig","5 knoppen","Optisch","None","Bedraad","Ja","6,4 cm x 12 cm x 4 cm","Blauw, Groen, Rood, Paars"
Gaming muizen,"SteelSeries Rival 100 Zwart","39,-","SteelSeries","62341","None","Rechtshandig","6 knoppen","Optisch","None","Bedraad","Ja","6,7 cm x 12 cm x 4,4 cm","Zwart"
Muizen,"HP Z3700 Draadloze Muis Goud","22,99","HP","X7Q43AA","Full-size","Linkshandig, Rechtshandig","2 knoppen","Laser","None","Draadloos","Nee","6 cm x 10,1 cm x 2,53 cm","Goud"
Gaming muizen,"Razer Abyssus V2","49,99","Razer","141353","None","Linkshandig, Rechtshandig","4 knoppen","Optisch","None","Bedraad","Ja","6,4 cm x 11,7 cm x 3,8 cm","Blauw, Groen, Wit"
Gaming muizen,"Razer Naga Hex V2","92,99","Razer","139440","None","Rechtshandig","14 knoppen","Laser","None","Bedraad","Ja","7,5 cm x 11,9 cm x 4,3 cm","Zwart"
Gaming muizen,"Razer DeathAdder Essential Ergonomic Gaming Muis","62,-","Razer","136387","Full-size","Rechtshandig","5 knoppen","Optisch","None","Bedraad","Ja","7 cm x 12,7 cm x 4,4 cm","Geel"
Muizen,"HP Z5000 Spectre Muis Zwart","39,99","HP","W2Q00AA","Full-size","Linkshandig, Rechtshandig","3 knoppen","Optisch","None","Draadloos","Nee","6,46 cm x 10,17 cm x 2,5 cm","Zwart"
Muizen,"Microsoft Wireless Mobile Mouse 4000 Zwart","37,99","Microsoft","D5D-00133","Compact","Rechtshandig","4 knoppen","Laser","None","Draadloos","None","14,224 cm x 20,32 cm x 7,112 cm","Zwart"
Muizen,"Rapoo 7100P Draadloze Muis Zwart","27,99","Rapoo","RP7100p BL","Compact","Linkshandig, Rechtshandig","5 knoppen","Optisch","None","Draadloos","Nee","10,5 cm x 6,7 cm x 4,1 cm","Zwart"
Muizen,"Trust Yvi Draadloze Muis Flower Power","21,99","Trust","20250","Compact","Linkshandig, Rechtshandig","4 knoppen","Optisch","None","Draadloos","Nee","5,6 cm x 9,5 cm x 3,9 cm","Wit, Geel, Blauw, Zwart"
Gaming muizen,"Logitech G402 Hyperion Fury","53,99","Logitech G","910-004068","Full-size","Rechtshandig","8 knoppen","Optisch","None","Bedraad","Ja","7,2 cm x 13,6 cm x 4,1 cm","Blauw"
Muizen,"HP Z3200 Draadloze Muis Zwart","26,99","HP","J0E44AA","Compact","Linkshandig, Rechtshandig","3 knoppen","Optisch","None","Draadloos","Nee","5,75 cm x 9,5 cm x 3,35 cm","Zwart"
Muizen,"HP Z3700 Draadloze Muis Rood","22,99","HP","V0L82AA","Full-size","Linkshandig, Rechtshandig","2 knoppen","Laser","None","Draadloos","Nee","6 cm x 10,1 cm x 2,53 cm","Rood"
Muizen,"Kensington Orbit Trackball met Scrollring","47,99","Kensington","K72337EU","Full-size","Linkshandig, Rechtshandig","None","Trackball","None","Bedraad","Nee","15,24 cm x 20,32 cm x 5,08 cm","Zwart"
Gaming muizen,"SteelSeries Rival 300 Zwart","59,99","SteelSeries","62351","None","Rechtshandig","6 knoppen","Optisch","None","Bedraad","None","7 cm x 13,3 cm x 4,5 cm","Zwart"
Muizen,"HP Wireless Mouse X3000 Rood","21,99","HP","N4G65AA","Compact","Linkshandig, Rechtshandig","2 knoppen","Optisch","None","Draadloos","Nee","9,5 cm x 5,7 cm x 3,9 cm","Rood"
Gaming muizen,"Roccat Kone XTD Gaming Muis","81,99","Roccat","ROC-11-810","Full-size","Rechtshandig","8 knoppen","Laser","None","Bedraad","Ja","7,5 cm x 13 cm x 4 cm","Zwart"
Gaming muizen,"SteelSeries Rival 310 Zwart","69,99","SteelSeries","62433","None","Rechtshandig","6 knoppen","Optisch","None","Bedraad","Ja","7 cm x 12,7 cm x 4,1 cm","Zwart"
Gaming muizen,"Trust GXT 105","21,99","Trust","21683","None","Linkshandig, Rechtshandig","6 knoppen","Optisch","None","Bedraad","Ja","17 cm x 23 cm x 5 cm","Blauw, Groen, Rood, Wit"
Muizen,"Logitech Laser Mouse M150 Zwart Groen","23,99","Logitech","910-003743","Compact","Linkshandig, Rechtshandig","3 knoppen","Laser","None","Bedraad","Nee","12 cm x 4,1 cm x 6,5 cm","Groen, Zwart"
Muizen,"3M Anir Muis Medium Small Zwart","89,99","3M","BNEAMSB","Full-size","Rechtshandig","2 knoppen","Optisch","None","Bedraad","Nee","11,5 cm x 8 cm x 11,5 cm","Zwart"
Muizen,"Speedlink Manejo Ergonomische Verticale Draadloze Muis Zwart","43,99","Speedlink","SL-630005-BK","Full-size","Rechtshandig","3 knoppen","Optisch","None","Draadloos","Nee","7,2 cm x 6 cm x 12,7 cm","Zwart"
Gaming muizen,"Sharkoon Shark Force Roze","20,99","Sharkoon","4044951014002","None","Rechtshandig","6 knoppen","Optisch","None","Bedraad","Ja","7,6 cm x 12,4 cm x 4 cm","Blauw"
Muizen,"Trust Kerb Compact Draadloze Lasermuis","33,99","Trust","20783","Compact","Rechtshandig","6 knoppen","Laser","None","Draadloos","Nee","6,6 cm x 3,9 cm x 10,9 cm","Zwart"
Muizen,"Rapoo 7100P Draadloze Muis Rood","26,99","Rapoo","RP 7100p RD","Compact","Rechtshandig","5 knoppen","Optisch","None","Draadloos","Nee","10,5 cm x 6,7 cm x 4,1 cm","Rood"
Muizen,"Logitech Laser Mouse M150 Rood Zwart","21,99","Logitech","910-003746","Compact","Linkshandig, Rechtshandig","2 knoppen","Laser","None","Bedraad","Nee","12 cm x 4,1 cm x 6,5 cm","Rood, Zwart"
Muizen,"Logitech MX Anywhere 2S Draadloze Mobiele Muis Blauw","89,99","Logitech","910-005154","Compact","Linkshandig, Rechtshandig","7 knoppen","Laser","None","Draadloos","Ja","6,1 cm x 10,3 cm x 3,4 cm","Blauw"
Gaming muizen,"Corsair Glaive Gaming Muis Zwart","79,-","Corsair","CH-9302011-EU","None","Rechtshandig","6 knoppen","Optisch","None","Bedraad","Ja","0,65 cm x 1,25 cm x 0,44 cm","Zwart"
Gaming muizen,"Razer Abyssus 2000 + Goliathus Control Fissure bundel","49,99","Razer","147165","None","Linkshandig, Rechtshandig","4 knoppen","Optisch","None","Bedraad","Ja","6,4 cm x 11,7 cm x 3,8 cm","Blauw, Groen, Wit"
Gaming muizen,"SteelSeries Sensei 310 Zwart","69,99","SteelSeries","62432","None","Linkshandig, Rechtshandig","8 knoppen","Optisch","None","Bedraad","Ja","7 cm x 12,5 cm x 3,9 cm","Zwart"
Muizen,"Trust Evo Draadloze Compacte Muis","36,99","Trust","21242","Compact","Rechtshandig","6 knoppen","Optisch","None","Draadloos","Nee","7,4 cm x 3,6 cm x 10,7 cm","Zwart"
Muizen,"Logitech MX Master 2S Draadloze Muis Blauw","109,99","Logitech","910-005140","Full-size","Rechtshandig","7 knoppen","Laser","None","Draadloos","Ja","8,5 cm x 12,6 cm x 4,8 cm","Blauw"
Muizen,"Trust Kerb Draadloze Lasermuis","39,-","Trust","20784","Full-size","Rechtshandig","6 knoppen","Laser","None","Draadloos","Nee","7,2 cm x 12,5 cm x 4,3 cm","Zwart"
Gaming muizen,"Asus ROG Gladius II Gaming Muis","94,90","Asus","90MP00R0-B0UA00","None","Rechtshandig","6 knoppen","Optisch","None","Bedraad","Ja","6,7 cm x 12,6 cm x 4,5 cm","Zwart"
Gaming muizen,"Razer Lancehead Tournament Edition Gaming Muis","89,-","Razer","RZ01-02130100-R3G1","None","Linkshandig, Rechtshandig","9 knoppen","Optisch","None","Bedraad","Ja","7,1 cm x 1,17 cm x 3,8 cm","Zwart"
Muizen,"Ewent EW3156 Muis","27,99","Ewent","EW3156","Full-size","Rechtshandig","5 knoppen","Optisch","None","Bedraad","Nee","9 cm x 12 cm x 7,5 cm","Zwart"
Muizen,"Kensington Expert Wireless Trackball Muis","124,99","Kensington","K72359WW","Full-size","Linkshandig, Rechtshandig","4 knoppen","Trackball","None","Draadloos","Nee","13 cm x 14 cm x 5,5 cm","Zwart"
Muizen,"Logitech M280 Draadloze Muis Blauw","33,99","Logitech","910-004290","Compact","Rechtshandig","3 knoppen","Optisch","None","Draadloos","Nee","10,54 cm x 6,79 cm x 3,84 cm","Blauw"
Muizen,"Logitech M590 Multi-Device Silent Draadloze Muis Zwart","54,99","Logitech","910-005197","Compact","Linkshandig, Rechtshandig","7 knoppen","Optisch","None","Draadloos","Ja","6,4 cm x 10,3 cm x 4 cm","Zwart"
Gaming muizen,"SteelSeries Rival 100 Goud (Alchemy Gold)","39,-","SteelSeries","62336","None","Linkshandig, Rechtshandig","6 knoppen","Optisch","None","Bedraad","Ja","6,7 cm x 12,1 cm x 4,4 cm","Oranje"
Muizen,"Logitech Laser Mouse M150 Wit Zwart","22,99","Logitech","910-003745","Compact","Linkshandig, Rechtshandig","2 knoppen","Laser","None","Bedraad","Nee","12 cm x 4,1 cm x 6,5 cm","Wit, Zwart"
Muizen,"Speedlink Manejo Ergonomische Verticale Muis Zwart","39,99","Speedlink","SL-610005-BK","Full-size","Rechtshandig","3 knoppen","Optisch","None","Bedraad","Nee","7,2 cm x 6 cm x 12,7 cm","Zwart"
Muizen,"Speedlink Manejo Ergonomische Verticale Muis Zwart","39,99","Speedlink","SL-610005-BK","Full-size","Rechtshandig","3 knoppen","Optisch","None","Bedraad","Nee","7,2 cm x 6 cm x 12,7 cm","Zwart"
Muizen,"Bakker Elkhuizen DXT Precision Muis","105,99","Bakker Elkhuizen","BNEDXT","Full-size","Linkshandig, Rechtshandig","3 knoppen","Optisch","None","Bedraad","Nee","4,5 cm x 5,6 cm x 8,1 cm","Grijs, Zwart"
Gaming muizen,"Sharkoon Shark Zone M52","44,99","Sharkoon","4044951017126","None","Linkshandig, Rechtshandig","8 knoppen","Laser","None","Bedraad","Ja","6,65 cm x 12,45 cm x 3,8 cm","Blauw, Groen, Rood, Geel, Paars"
Gaming muizen,"Roccat Nyth Modular Gaming Muis Wit","119,-","Roccat","ROC-11-901","None","Rechtshandig","18 knoppen","Laser","None","Bedraad","Ja","7,8 cm x 12,9 cm x 4,4 cm","Blauw"
Muizen,"R-Go Break HE Mouse S/M Rechts","89,99","R-Go Tools","RGOBRHESMR","Compact","Rechtshandig","4 knoppen","Laser","None","Bedraad","Nee","8,3 cm x 10,5 cm x 7,6 cm","Zwart"
Gaming muizen,"Sharkoon Drakonia Zwart","37,99","Sharkoon","4044951013579","None","Rechtshandig","11 knoppen","Laser","None","Bedraad","Ja","8,81 cm x 12,6 cm x 4,18 cm","Zwart, Zilver"
Gaming muizen,"Roccat Kova Gaming Muis Wit","54,99","Roccat","ROC-11-503","None","Linkshandig, Rechtshandig","12 knoppen","Optisch","None","Bedraad","Ja","0,66 cm x 1,31 cm x 0,38 cm","Wit"
Gaming muizen,"Roccat Kone Pure Gaming Muis","69,99","Roccat","ROC-11-725","None","Rechtshandig","7 knoppen","Optisch","None","Bedraad","Ja","7 cm x 11,8 cm x 3,9 cm","Zwart"
Gaming muizen,"Speedlink Contus","22,99","Speedlink","139704","None","Rechtshandig","5 knoppen","Optisch","None","Bedraad","Ja","6,5 cm x 12,45 cm x 4,4 cm","Rood, Zwart"
Gaming muizen,"Trust GXT 111","21,99","Trust","21090","None","Rechtshandig","7 knoppen","Optisch","None","Bedraad","Ja","9 cm x 12,38 cm x 4 cm","Blauw, Groen, Rood, Wit"
Muizen,"Logitech M590 Multi-Device Silent Draadloze Muis Grijs","54,99","Logitech","910-005198","Compact","Linkshandig, Rechtshandig","7 knoppen","Optisch","None","Draadloos","Ja","6,4 cm x 10,3 cm x 4 cm","Grijs"
Gaming muizen,"Speedlink Omnivi Core Rood / Zwart","54,99","Speedlink","131589","None","Rechtshandig","10 knoppen","Laser","None","Bedraad","Ja","8,7 cm x 13,1 cm x 5,2 cm","Rood, Zwart"
Muizen,"Kensington Orbit Wireless Mobile Trackball","66,99","Kensington","K72352EU","Compact","Linkshandig, Rechtshandig","None","Trackball","None","Draadloos","Nee","17,4 cm x 46 cm x 20,8 cm","Rood, Zwart"
Gaming muizen,"SteelSeries Rival 300 Zilver","69,-","SteelSeries","127197","None","Rechtshandig","6 knoppen","Optisch","None","Bedraad","Ja","7 cm x 13,3 cm x 4,5 cm","Zilver"
Gaming muizen,"Creative Sound BlasterX Siege M04 Gaming Muis","73,99","Creative","70GP007000000","None","Rechtshandig","7 knoppen","Optisch","None","Bedraad","Ja","6,7 cm x 13,56 cm x 4,3 cm","Zwart"
Gaming muizen,"Roccat Tyon Gaming Muis Zwart","99,-","Roccat","ROC-11-850","None","Rechtshandig","14 knoppen","Laser","None","Bedraad","Ja","8 cm x 12,6 cm x 4,5 cm","Zwart"
Gaming muizen,"Trust GXT 177","57,99","Trust","21294","None","Linkshandig, Rechtshandig","8 knoppen","Laser","None","Bedraad","Ja","7 cm x 13 cm x 4 cm","Zwart"
Gaming muizen,"Corsair Katar","39,-","Corsair","CH-9000095-EU","None","Linkshandig, Rechtshandig","4 knoppen","Optisch","None","Bedraad","Ja","6,4 cm x 11,1 cm x 3,8 cm","Rood"
Gaming muizen,"Roccat Tyon Gaming Muis Wit","99,-","Roccat","ROC-11-851","None","Rechtshandig","14 knoppen","Laser","None","Bedraad","Ja","8 cm x 12,6 cm x 4,5 cm","Wit"
Gaming muizen,"SteelSeries Rival 100 Rood","39,-","SteelSeries","127178","None","Linkshandig, Rechtshandig","None","Optisch","None","Bedraad","Ja","None x None x None","Rood, Zwart"
Gaming muizen,"Razer Abyssus 2000 + Goliathus Speed Terra bundel","49,-","Razer","147164","None","Linkshandig, Rechtshandig","4 knoppen","Optisch","None","Bedraad","Ja","6,4 cm x 11,7 cm x 3,8 cm","Blauw, Groen, Wit"
Gaming muizen,"Trust GXT 188 Laban Gaming Muis","70,99","Trust","21789","None","Rechtshandig","8 knoppen","Optisch","None","Bedraad","Ja","7 cm x 12,8 cm x 3,9 cm","Zwart"
Gaming muizen,"Speedlink Ledos Rood","26,99","Speedlink","101145","None","Rechtshandig","5 knoppen","Optisch","None","Bedraad","Ja","16,4 cm x 7,5 cm x 24,5 cm","Rood"
Gaming muizen,"Asus Strix Claw Dark Edition","74,99","Asus","90YH00C2-BAUA00","None","Rechtshandig","6 knoppen","Laser","None","Bedraad","Ja","7,175 cm x 12,255 cm x 4,525 cm","Oranje"
Muizen,"Logitech M335 Zwart","46,99","Logitech","910-004438","Compact","Linkshandig, Rechtshandig","3 knoppen","Optisch","None","Draadloos","Nee","10,05 cm x 3,3 cm x 6,11 cm","Zwart"
Gaming muizen,"SteelSeries Rival 100 Wit","39,-","SteelSeries","62335","None","Linkshandig, Rechtshandig","6 knoppen","Optisch","None","Bedraad","Ja","6,7 cm x 12,1 cm x 4,4 cm","Oranje"
Muizen,"3Dconnexion CadMouse","129,99","3Dconnexion","3DX-700052","Full-size","Linkshandig, Rechtshandig","4 knoppen","Laser","None","Bedraad","Nee","8 cm x 12,8 cm x 4,4 cm","Zwart"
Gaming muizen,"Asus Strix Claw Dark Edition","74,99","Asus","90YH00C2-BAUA00","None","Rechtshandig","6 knoppen","Laser","None","Bedraad","Ja","7,175 cm x 12,255 cm x 4,525 cm","Oranje"
Muizen,"Kensington Expert Optical Trackball Muis","115,-","Kensington","64325","Full-size","Linkshandig, Rechtshandig","4 knoppen","Trackball","None","Bedraad","Nee","13 cm x 14 cm x 5,5 cm","Zwart"
Gaming muizen,"Trust GXT 155C","47,99","Trust","20853","None","Rechtshandig","11 knoppen","Laser","None","Bedraad","Ja","8,9 cm x 12,4 cm x 4,1 cm","Blauw"
Gaming muizen,"Razer Naga (Linkshandig)","95,-","Razer","98463","None","Linkshandig","19 knoppen","Laser","None","Bedraad","Ja","7,5 cm x 11,9 cm x 4,3 cm","Zwart"
Muizen,"R-Go HE Mouse Verticale Muis","59,99","R-Go Tools","RGOHE","Compact","Rechtshandig","4 knoppen","Laser","None","Bedraad","Nee","8,3 cm x 10,5 cm x 7,6 cm","Zwart"
Gaming muizen,"Asus ROG Spatha","169,-","Asus","90MP00A1-B0UA00","None","Rechtshandig","12 knoppen","Laser","None","Bedraad, Draadloos","Ja","8,9 cm x 13,7 cm x 4,5 cm","Zwart"
Gaming muizen,"BenQ Zowie FK1+ (XL)","69,99","BenQ","9H.N0CBB.A2E","None","Linkshandig, Rechtshandig","7 knoppen","Optisch","None","Bedraad","Ja","6,8 cm x 12,8 cm x 3,8 cm","Zwart"
Gaming muizen,"Speedlink Ledos Zwart","26,99","Speedlink","120662","None","Rechtshandig","5 knoppen","Optisch","None","Bedraad","Ja","16,4 cm x 7,5 cm x 24,5 cm","Rood"
Gaming muizen,"Kingston HyperX Pulsefire FPS Gaming Mouse","59,99","Kingston","HX-MC001A/EM","None","Rechtshandig","5 knoppen","Optisch","None","Bedraad","Ja","7,1 cm x 12,7 cm x 4,2 cm","Rood"
Gaming muizen,"Nacon GM105 + Nacon Muismat bundel","24,99","Nacon","PCGB-300","None","Rechtshandig","6 knoppen","Optisch","None","Bedraad","Ja","0,7 cm x 1,15 cm x 4,4 cm","Blauw"
Gaming muizen,"Roccat Lua Gaming Muis","39,90","Roccat","ROC-11-310","Full-size","Linkshandig, Rechtshandig","3 knoppen","Laser","None","Bedraad","Ja","6,5 cm x 11,5 cm x 3 cm","Blauw"
Gaming muizen,"Roccat Kone Pure Core","69,99","Roccat","ROC-11-700","Compact","Rechtshandig","7 knoppen","Laser","None","Bedraad","Ja","7 cm x 11,5 cm x 3,5 cm","Zwart"
Muizen,"R-Go HE Mouse Verticale Muis Links draadloos","78,99","R-Go Tools","RGOHEWLL","Compact","Linkshandig","4 knoppen","Laser","None","Draadloos","Nee","8,3 cm x 10,5 cm x 7,6 cm","Zwart"
Muizen,"R-Go HE Mouse Verticale Ergonomische Muis Large","71,99","R-Go Tools","RGOHELA","Compact","Rechtshandig","4 knoppen","Laser","None","Bedraad","Nee","9,3 cm x 11 cm x 7,9 cm","Zwart"
Muizen,"R-Go HE Mouse Verticale Ergonomische Muis Large draadloos","91,99","R-Go Tools","RGOHELAWL","Compact","Rechtshandig","4 knoppen","Laser","None","Draadloos","Nee","9,3 cm x 11 cm x 7,9 cm","Zwart"
Muizen,"Logitech M590 Multi-Device Silent Draadloze Muis Rood","54,99","Logitech","910-005199","Compact","Linkshandig, Rechtshandig","7 knoppen","Optisch","None","Draadloos","Ja","6,4 cm x 10,3 cm x 4 cm","Grijs"
Gaming muizen,"Trust GXT 170 Heron Gaming Muis","57,99","Trust","21813","None","Rechtshandig","5 knoppen","Laser","None","Bedraad","Ja","12,8 cm x 7,4 cm x 4,1 cm","Grijs"
Muizen,"Trust MaxTrack Mini Muis","24,99","Trust","17179","Compact","Rechtshandig","6 knoppen","Laser","None","Bedraad","Nee","7,2 cm x 11,3 cm x 3,5 cm","Zwart, Zilver"
Gaming muizen,"Trust GXT 155","47,99","Trust","20411","None","Rechtshandig","11 knoppen","Laser","None","Bedraad","Ja","8,9 cm x 12,4 cm x 4,1 cm","Blauw"
Gaming muizen,"Razer Lancehead Gaming Muis","149,99","Razer","RZ01-02120100-R3G1","None","Linkshandig, Rechtshandig","9 knoppen","Laser","None","Draadloos","Ja","7,1 cm x 1,17 cm x 3,8 cm","Zwart"
Gaming muizen,"Trust GXT 164 Sikanda MMO Gaming Muis","39,-","Trust","21726","None","Rechtshandig","13 knoppen","Optisch","None","Bedraad","Ja","7,6 cm x 12,8 cm x 4,38 cm","Zwart"
Muizen,"Trust Isotto Wireless Mouse","18,99","Trust","17233","Compact","Rechtshandig","3 knoppen","Optisch","None","Draadloos","Nee","6,6 cm x 9,9 cm x 3,7 cm","Zwart, Zilver"
Muizen,"Kensington Slimblade Trackball","126,99","Kensington","K72327EU","Full-size","Linkshandig, Rechtshandig","None","Trackball","None","Bedraad","Nee","12,7 cm x 15,24 cm x 8,89 cm","Zwart"
Muizen,"Logitech TrackMan Marble Muis","55,99","Logitech","910-000808","Full-size","Linkshandig, Rechtshandig","4 knoppen","Trackball","None","Bedraad","Nee","16,54 cm x 4,23 cm x 8,65 cm","Grijs"
Muizen,"Evoluent 4 Linkshandige Muis","120,95","Evoluent","BNEEVL4","Full-size","Linkshandig","5 knoppen","Optisch","None","Bedraad","Nee","7,6 cm x 11,7 cm x 8,6 cm","Grijs, Zwart"
Muizen,"Rapoo 3920P Draadloze Muis","39,99","Rapoo","RP 3920P BL","Compact","Linkshandig, Rechtshandig","6 knoppen","Laser","None","Draadloos","Nee","12,8 cm x 4,8 cm x 17,8 cm","Zwart"
Gaming muizen,"Corsair Scimitar Pro RGB Geel","84,-","Corsair","CH-9304011-EU","None","Rechtshandig","17 knoppen","Optisch","None","Bedraad","Ja","7,7 cm x 12 cm x 4,24 cm","Geel, Zwart"
Muizen,"Microsoft Basic Optical Muis Wit","21,99","Microsoft","P58-00060","Full-size","Linkshandig, Rechtshandig","3 knoppen","Optisch","None","Bedraad","Nee","5,79 cm x 11,34 cm x 3,92 cm","Wit"
Muizen,"Rapoo T8 Draadloze Laser Touch Muis Zwart","49,99","Rapoo","T8B","Full-size","Linkshandig, Rechtshandig","None","Laser","None","Draadloos","Nee","6,4 cm x 11,3 cm x 2,9 cm","Zwart"
Gaming muizen,"SteelSeries Rival 100 Geel (Proton Yellow)","39,-","SteelSeries","62340","None","Linkshandig, Rechtshandig","6 knoppen","Optisch","None","Bedraad","Ja","6,7 cm x 12,1 cm x 4,4 cm","Geel"
Gaming muizen,"Razer Lancehead Gaming Muis","149,99","Razer","RZ01-02120100-R3G1","None","Linkshandig, Rechtshandig","9 knoppen","Laser","None","Draadloos","Ja","7,1 cm x 1,17 cm x 3,8 cm","Zwart"
Muizen,"Rapoo 7600 PL Draadloze Muis Grijs","34,99","Rapoo","7600 PL GR","Full-size","Rechtshandig","4 knoppen","Laser","None","Draadloos","Nee","12,1 cm x 18,2 cm x 3,8 cm","Grijs"
Gaming muizen,"Trust GXT 166 MMO","44,99","Trust","19816","None","Rechtshandig","18 knoppen","Laser","None","Bedraad","Ja","7,7 cm x 11,9 cm x 3,9 cm","Rood"
Gaming muizen,"Razer DeathAdder Chroma Overwatch Edition","92,99","Razer","137912","None","Rechtshandig","5 knoppen","Optisch","None","Bedraad","Ja","7 cm x 12,7 cm x 1,73 cm","Geel"
Muizen,"R-Go HE Mouse Verticale Muis Links","62,99","R-Go Tools","RGOHELE","Compact","Linkshandig","4 knoppen","Laser","None","Bedraad","Nee","8,3 cm x 10,5 cm x 7,6 cm","Zwart"
Gaming muizen,"Cooler Master Storm Xornet II","32,95","Cooler Master","SGM-2002-KLON1","None","Rechtshandig","7 knoppen","Optisch","None","Bedraad","Ja","7,6 cm x 10,5 cm x 3,7 cm","Zwart"
Muizen,"Kensington Orbit Optical Trackball Muis","36,99","Kensington","64327EU","Full-size","Linkshandig, Rechtshandig","2 knoppen","Trackball","None","Bedraad","Nee","12,5 cm x 14 cm x 4,5 cm","Grijs"
Muizen,"Bakker Elkhuizen Evoluent3 Rechtshandige Muis","99,-","Evoluent","BNEEVR","Full-size","Rechtshandig","4 knoppen","Optisch","None","Bedraad","Nee","8,3 cm x 7,9 cm x 11,4 cm","Grijs, Zwart"
Gaming muizen,"Trust GXT 164 Sikanda MMO Gaming Muis","39,-","Trust","21726","None","Rechtshandig","13 knoppen","Optisch","None","Bedraad","Ja","7,6 cm x 12,8 cm x 4,38 cm","Zwart"
Gaming muizen,"BenQ Zowie FK1 (Large)","64,90","BenQ","9H.N04BB.A2E","None","Linkshandig, Rechtshandig","7 knoppen","Optisch","None","Bedraad","Ja","6,7 cm x 12,8 cm x 3,7 cm","Zwart"
Muizen,"Logitech Wireless Mouse T630","82,99","Logitech","910-003832","Compact","Linkshandig, Rechtshandig","None","Laser","None","Draadloos","Nee","5,9 cm x 8,5 cm x 1,8 cm","Zwart, Zilver"
Muizen,"Microsoft Wireless Mobile Mouse 1850 Cyaan","21,99","Microsoft","U7Z-00058","Compact","Linkshandig, Rechtshandig","3 knoppen","Optisch","None","Draadloos","Nee","5,81 cm x 10 cm x 3,82 cm","Blauw"
Gaming muizen,"Logitech G903 Lightspeed Wireless Gaming Mouse","179,-","Logitech G","910-005085","None","Rechtshandig","7 knoppen","Optisch","None","Draadloos","Ja","6,65 cm x 4,04 cm x 13,03 cm","Zwart"
Gaming muizen,"Asus ROG STRIX Impact Gaming Muis","54,90","Asus","90MP00P0-B0UA00","None","Linkshandig, Rechtshandig","3 knoppen","Optisch","None","Bedraad","Ja","6,2 cm x 11,5 cm x 3,9 cm","Zwart"
Gaming muizen,"Roccat Nyth Modular Gaming Muis Zwart","119,-","Roccat","ROC-11-900","None","Rechtshandig","18 knoppen","Laser","None","Bedraad","Ja","7,8 cm x 12,9 cm x 4,4 cm","Blauw"
Gaming muizen,"BenQ Zowie EC1-A (Large)","64,-","BenQ","9H.N02BB.A2E","None","Linkshandig, Rechtshandig","5 knoppen","Optisch","None","Bedraad","Ja","6,9 cm x 12,8 cm x 4,3 cm","Blauw, Groen, Rood, Paars"
Muizen,"Logitech MX Master 2S Draadloze Muis Wit","109,99","Logitech","910-005141","Full-size","Rechtshandig","7 knoppen","Laser","None","Draadloos","Ja","8,5 cm x 12,6 cm x 4,8 cm","Wit"
Gaming muizen,"BenQ Zowie ZA 13 (Small)","69,-","BenQ","9H.N08BB.A2E","None","Linkshandig, Rechtshandig","7 knoppen","Optisch","None","Bedraad","Ja","6,2 cm x 12 cm x 3,8 cm","Zwart"
Muizen,"Logitech MX Anywhere 2S Draadloze Mobiele Muis Wit","89,99","Logitech","910-005155","Compact","Linkshandig, Rechtshandig","7 knoppen","Laser","None","Draadloos","Ja","6,1 cm x 10,3 cm x 3,4 cm","Wit"
Gaming muizen,"Corsair M65 Pro RGB Wit","69,99","Corsair","CH-9300111-EU","None","Rechtshandig","8 knoppen","Optisch","None","Bedraad","Ja","7,2 cm x 11,8 cm x 3,9 cm","Wit"
Gaming muizen,"Roccat Kova Gaming Muis Zwart","54,99","Roccat","ROC-11-502","None","Linkshandig, Rechtshandig","12 knoppen","Optisch","None","Bedraad","Ja","0,66 cm x 1,31 cm x 0,38 cm","Zwart"
Gaming muizen,"Roccat Kone EMP Gaming Muis","79,99","Roccat","ROC-11-812","None","Rechtshandig","7 knoppen","Optisch","None","Bedraad","Ja","7,7 cm x 13,1 cm x 4,2 cm","Zwart"
Gaming muizen,"SteelSeries Rival 500","89,99","SteelSeries","62051","None","Rechtshandig","15 knoppen","Optisch","None","Bedraad","Ja","7,8 cm x 11,8 cm x 4,3 cm","Oranje"
Gaming muizen,"Speedlink Ledos Wit","26,99","Speedlink","144418","None","Rechtshandig","5 knoppen","Optisch","None","Bedraad","Ja","16,4 cm x 7,5 cm x 24,5 cm","Rood"
Gaming muizen,"SteelSeries Rival 700","94,99","SteelSeries","62331","None","Rechtshandig","7 knoppen","Optisch","None","Bedraad","Ja","6,8 cm x 12,5 cm x 4,2 cm","Zwart"
Gaming muizen,"Trust GXT 162","36,99","Trust","21186","None","Rechtshandig","9 knoppen","Optisch","None","Bedraad","Ja","8,3 cm x 13,4 cm x 4 cm","Rood"
Muizen,"Logitech M535 Bluetooth Muis Grijs","49,99","Logitech","910-004530","Compact","Linkshandig, Rechtshandig","4 knoppen","Optisch","None","Draadloos","Nee","6,11 cm x 10,05 cm x 3,3 cm","Grijs"
Muizen,"Microsoft Arc Touch Mouse Surface Edition Blauw","89,99","Microsoft","CZV-00052","Full-size","Linkshandig, Rechtshandig","2 knoppen","Laser","None","Draadloos","Nee","5,7 cm x 13 cm x 1,45 cm","Blauw"
Muizen,"Logitech MX Ergo Draadloze Muis Zwart","109,-","Logitech","910-005179","Full-size","Rechtshandig","9 knoppen","Trackball","None","Draadloos","Nee","9,98 cm x 13,25 cm x 5,14 cm","Zwart"
Gaming muizen,"Asus Cerberus Gaming Muis","59,90","Asus","90YV0A84-M0NA00","None","Linkshandig, Rechtshandig","6 knoppen","Optisch","None","Bedraad","Ja","None x None x None","Rood"
Gaming muizen,"Razer Basilisk Gaming Muis","69,99","Razer","RZ01-02330100-R3G1","None","Rechtshandig","8 knoppen","Optisch","None","Bedraad","Ja","7,5 cm x 12,4 cm x 4,3 cm","Groen"
Muizen,"Trust Siano Draadloze Bluetooth Muis","21,99","Trust","20403","Compact","Linkshandig, Rechtshandig","4 knoppen","Optisch","None","Draadloos","Nee","6,6 cm x 3,9 cm x 10,9 cm","Zwart"
Gaming muizen,"Trust GXT 154 FALX Gaming Muis","29,99","Trust","21835","None","Rechtshandig","7 knoppen","Optisch","None","Bedraad","Ja","8,8 cm x 13,7 cm x 4,1 cm","Wit"
Muizen,"Logitech M220 Silent Draadloze Muis Zwart","21,99","Logitech","910-004878","Compact","Linkshandig, Rechtshandig","3 knoppen","Optisch","None","Draadloos","Nee","9,9 cm x 3,9 cm x 6 cm","Zwart"
Muizen,"HP Draadloze Muis 200 Zwart","21,99","HP","X6W31AA #ABB","Compact","Linkshandig, Rechtshandig","2 knoppen","Optisch","None","Draadloos","Nee","5,85 cm x 9,5 cm x 3,4 cm","Zwart"
Muizen,"Microsoft Basic Optical Mouse Zwart","21,98","Microsoft","P58-00059","Full-size","Linkshandig, Rechtshandig","3 knoppen","Optisch","None","Bedraad","Nee","5,79 cm x 11,34 cm x 3,92 cm","Zwart"
Muizen,"Logitech MX Anywhere 2S Draadloze Mobiele Muis Zwart","89,99","Logitech","910-005153","Compact","Linkshandig, Rechtshandig","7 knoppen","Laser","None","Draadloos","Ja","6,1 cm x 10,3 cm x 3,4 cm","Zwart"
Muizen,"Microsoft Wireless Mobile Mouse 1850","21,99","Microsoft","U7Z-00004","Compact","Linkshandig, Rechtshandig","3 knoppen","Optisch","None","Draadloos","Nee","5,81 cm x 10 cm x 3,82 cm","Zwart"
Muizen,"Trust Vergo Draadloze Ergonomische Muis","49,99","Trust","21722","Full-size","Rechtshandig","9 knoppen","Optisch","None","Draadloos","Nee","9,14 cm x 15,4 cm x 5,66 cm","Zwart"
Muizen,"Rapoo 3910 Draadloze Muis Zwart","29,99","Rapoo","3910 BL","Compact","Rechtshandig","4 knoppen","Laser","None","Draadloos","Nee","10,4 cm x 6,8 cm x 4,1 cm","Zwart"
Muizen,"Microsoft Arc Touch Bluetooth Muis","67,-","Microsoft","7MP-00013","Compact","Linkshandig, Rechtshandig","None","Optisch","None","Draadloos","Nee","5,7 cm x 13 cm x 1,45 cm","None"
Muizen,"Microsoft Sculpt Comfort Mouse","39,99","Microsoft","H3S-00002","Full-size","Rechtshandig","4 knoppen","Laser","None","Draadloos","Nee","6,85 cm x 11,1 cm x 3,65 cm","Zwart"
Muizen,"HP Z4000 Draadloze Muis Zwart","24,99","HP","H5N61AA","Compact","Linkshandig, Rechtshandig","3 knoppen","Optisch","None","Draadloos","Nee","6,46 cm x 10,1 cm x 2,5 cm","Zwart"
Gaming muizen,"BenQ Zowie EC2-A White (Small)","64,99","BenQ","9H.N0RBB.A3E","None","Rechtshandig","5 knoppen","Optisch","None","Bedraad","Ja","6,4 cm x 12 cm x 4 cm","Wit"
Muizen,"Microsoft Wireless Mouse 900","32,99","Microsoft","PW4-00004","Full-size","Linkshandig, Rechtshandig","2 knoppen","Optisch","None","Draadloos","Nee","6,312 cm x 11,33 cm x 4,41 cm","Zwart"
Muizen,"Microsoft Wireless Mobile Mouse 3600 Zwart","34,99","Microsoft","PN7-00004","Compact","Linkshandig, Rechtshandig","3 knoppen","Optisch","None","Draadloos","Nee","9,53 cm x 5,69 cm x 4,04 cm","Zwart"
Muizen,"Trust MaxTrack Wireless Mouse","27,99","Trust","17176","Full-size","Rechtshandig","6 knoppen","Laser","None","Draadloos","Nee","7,9 cm x 13 cm x 4,2 cm","Zwart, Zilver"
Gaming muizen,"Razer Orochi","69,-","Razer","125330","None","Linkshandig, Rechtshandig","7 knoppen","Laser","None","Bedraad, Draadloos","Ja","6,7 cm x 9,9 cm x 3,5 cm","None"
Muizen,"Microsoft Arc Touch Mouse Zwart","62,99","Microsoft","RVF-00050","Full-size","Linkshandig, Rechtshandig","2 knoppen","Laser","None","Draadloos","Nee","5,88 cm x 11,1 cm x 3,65 cm","Zwart"
Muizen,"Microsoft Designer Bluetooth Mouse","34,99","Microsoft","7N5-00004","Compact","Linkshandig, Rechtshandig","2 knoppen","Optisch","None","Draadloos","Nee","6 cm x 10,7 cm x 1,5 cm","Zwart"
Muizen,"Rapoo T8 Draadloze Laser Touch Muis Wit","49,99","Rapoo","T8W","Full-size","Linkshandig, Rechtshandig","None","Laser","None","Draadloos","Nee","0,65 cm x 1,13 cm x 0,29 cm","Wit"
Muizen,"Microsoft Surface Mouse SC Bluetooth Grijs","54,99","Microsoft","WS3-00002","Compact","Linkshandig, Rechtshandig","None","Optisch","None","Draadloos","Nee","6,416 cm x 11,516 cm x 3,376 cm","Grijs"
Muizen,"R-Go HE Mouse Verticale Muis Rechts draadloos","79,99","R-Go Tools","RGOHEWL","Compact","Rechtshandig","4 knoppen","Laser","None","Draadloos","Nee","8,3 cm x 10,5 cm x 7,6 cm","Zwart"
Muizen,"HP Wireless Mouse X3000 Blauw","21,99","HP","N4G63AA","Compact","Linkshandig, Rechtshandig","2 knoppen","Optisch","None","Draadloos","Nee","9,5 cm x 5,7 cm x 3,9 cm","Blauw"
Gaming muizen,"Corsair M65 Pro RGB Zwart","69,99","Corsair","CH-9300011-EU","None","Rechtshandig","8 knoppen","Optisch","None","Bedraad","Ja","7,2 cm x 11,8 cm x 3,9 cm","Zwart"
