product_type,product_name,product_price,product_brand,product_model,product_screen,product_screenres,product_response,product_brightness,product_refresh,product_screentype,product_connection,product_dimensions,product_weight
Monitoren,"Philips 243V7QDAB","139,-","Philips","243V7QDAB/00","23,8 inch","1920 x 1080 pixels","5 ms","None","60 Hz","IPS paneel","HDMI, VGA, DVI, Hoofdtelefoon","54 cm x 20,9 cm x 41,5 cm","3,5 kg"
Monitoren,"LG 34UC98-W","899,-","LG","34UC98-W","34 inch","3440 x 1440 pixels","5 ms","None","60 Hz","IPS paneel","HDMI, DisplayPort, Thunderbolt, USB-type A","81,8 cm x 23,1 cm x 45,2 cm","7,8 kg"
Monitoren,"Philips 328P6VJEB/00","549,-","Philips","328P6VJEB/00","32 inch","3840 x 2160 pixels","4 ms","None","60 Hz","VA paneel","HDMI, VGA, DVI, DisplayPort, Hoofdtelefoon, USB-type A","74,2 cm x 27 cm x 65,7 cm","9,23 kg"
Monitoren,"BenQ Zowie RL2455","169,-","BenQ","9H.LF4LB.DBE","24 inch","1920 x 1080 pixels","1 ms","None","75 Hz","TN paneel","HDMI, VGA, DVI, Hoofdtelefoon","57,9 cm x 18,9 cm x 43,5 cm","4,1 kg"
Monitoren,"LG 24M47VQ","119,-","LG","24M47VQ-P","24 inch","1920 x 1080 pixels","2 ms","None","60 Hz","TN paneel","HDMI, VGA, DVI, Hoofdtelefoon","55,7 cm x 19,7 cm x 43,8 cm","2,8 kg"
Monitoren,"LG 27UD58P","429,-","LG","27UD58P-B.AEU","27 inch","3840 x 2160 pixels","5 ms","None","60 Hz","IPS paneel","HDMI, DisplayPort, Hoofdtelefoon","63,25 cm x 25,15 cm x 43,43 cm","7,4 kg"
Monitoren,"Dell Ultrasharp U2715H","429,-","Dell","210-ADSO","27 inch","2560 x 1440 pixels","8 ms","None","60 Hz","IPS paneel","HDMI, DisplayPort, Hoofdtelefoon, USB-type A","61,27 cm x 20,5 cm x 52,49 cm","4,91 kg"
Monitoren,"Philips 240V5QDAB","119,-","Philips","240V5QDAB/00","24 inch","1920 x 1080 pixels","5 ms","None","75 Hz","IPS paneel","HDMI, VGA, DVI, Hoofdtelefoon","55,3 cm x 21,9 cm x 42 cm","4,09 kg"
Monitoren,"AOC i2475PXQU","169,-","AOC","i2475PXQU","24 inch","1920 x 1080 pixels","4 ms","None","60 Hz","IPS paneel","HDMI, VGA, DVI, DisplayPort, Hoofdtelefoon, USB-type A","55,44 cm x 21,29 cm x 48,9 cm","3,03 kg"
Monitoren,"AOC G2460VQ6","139,-","AOC","G2460VQ6","24 inch","1920 x 1080 pixels","1 ms","None","75 Hz","TN paneel","HDMI, VGA, DisplayPort, Hoofdtelefoon","56,54 cm x 2,193 cm x 41,16 cm","4,27 kg"
Monitoren,"Philips 223V5LHSB2/00","99,-","Philips","223V5LHSB2/00","22 inch","1920 x 1080 pixels","5 ms","None","60 Hz","TN paneel","HDMI, VGA","50,3 cm x 21,3 cm x 37,6 cm","2,61 kg"
Monitoren,"Samsung S24F352","129,-","Samsung","LS24F352FHUXEN","24 inch","1920 x 1080 pixels","4 ms","None","60 Hz","PLS paneel","HDMI, VGA","54,77 cm x 20,65 cm x 41,8 cm","3,3 kg"
Monitoren,"AOC i2790PQU/BT","219,-","AOC","i2790PQU/BT","27 inch","1920 x 1080 pixels","4 ms","None","60 Hz","IPS paneel","HDMI, VGA, DisplayPort, Hoofdtelefoon, USB-type A","61,26 cm x 20 cm x 53 cm","5,8 kg"
Monitoren,"iiyama ProLite XB2783HSU-B1","199,-","Iiyama","XB2783HSU-B1","27 inch","1920 x 1080 pixels","4 ms","None","75 Hz","AMVA paneel","HDMI, VGA, DVI, Hoofdtelefoon, USB-type A","62,25 cm x 23 cm x 53,05 cm","6 kg"
Monitoren,"Philips 243S7EHMB/00","159,-","Philips","243S7EHMB/00","24 inch","1920 x 1080 pixels","5 ms","None","60 Hz","IPS paneel","HDMI, VGA, Hoofdtelefoon","54 cm x 20,2 cm x 48,3 cm","5 kg"
Monitoren,"Philips 278E8QJAB","199,-","Philips","278E8QJAB/00","27 inch","1920 x 1080 pixels","4 ms","None","60 Hz","VA paneel","HDMI, VGA, DisplayPort, Hoofdtelefoon","62 cm x 18,9 cm x 47 cm","4,8 kg"
Monitoren,"Dell Ultrasharp U2515H","329,-","Dell","210-ADZG","25 inch","2560 x 1440 pixels","6 ms","None","60 Hz","IPS paneel","HDMI, DisplayPort, Hoofdtelefoon, USB-type A","56,9 cm x 20,5 cm x 51,25 cm","6,8 kg"
Monitoren,"iiyama E2483HS","139,-","Iiyama","E2483HS-B1","24 inch","1920 x 1080 pixels","1 ms","None","60 Hz","TN paneel","HDMI, VGA, DVI, Hoofdtelefoon","56,55 cm x 20,3 cm x 41,2 cm","3,4 kg"
Monitoren,"iiyama ProLite XUB2492HSU-B1","189,-","Iiyama","XUB2492HSU-B1","24 inch","1920 x 1080 pixels","5 ms","None","60 Hz","IPS paneel","HDMI, VGA, DisplayPort, USB-type A","53,95 cm x 23 cm x 50,6 cm","5,4 kg"
Monitoren,"iiyama ProLite XB2483HSU-B2","179,-","Iiyama","XB2483HSU-B2","24 inch","1920 x 1080 pixels","4 ms","None","60 Hz","VA paneel","HDMI, VGA, DVI, USB-type A","55,25 cm x 23 cm x 38,1 cm","5,6 kg"
Monitoren,"Philips 323E7QDAB/00","239,-","Philips","323E7QDAB/00","32 inch","1920 x 1080 pixels","5 ms","None","75 Hz","IPS paneel","HDMI, VGA, DVI, Hoofdtelefoon","70,3 cm x 21,6 cm x 52,2 cm","6,9 kg"
Monitoren,"BenQ GW2270H","99,-","BenQ","9H.LE6LA.TBE","22 inch","1920 x 1080 pixels","5 ms","None","60 Hz","VA paneel","HDMI, VGA, Hoofdtelefoon","54,6 cm x 26,8 cm x 47,6 cm","4 kg"
Monitoren,"AOC i2490PXQU/BT","189,-","AOC","i2490PXQU/BT","24 inch","1920 x 1080 pixels","4 ms","None","60 Hz","IPS paneel","HDMI, VGA, DisplayPort, Hoofdtelefoon, USB-type A","54 cm x 20 cm x 50 cm","3,2 kg"
Monitoren,"Samsung LS27E330H","179,-","Samsung","LS27E330HSX/EN","27 inch","1920 x 1080 pixels","1 ms","None","60 Hz","TN paneel","HDMI, VGA","64,33 cm x 20,07 cm x 46,31 cm","4,9 kg"
Monitoren,"Samsung LU28E570DS/EN","349,-","Samsung","LU28E570DS/EN","28 inch","3840 x 2160 pixels","1 ms","None","60 Hz","TN paneel","HDMI, DisplayPort, Hoofdtelefoon","66,09 cm x 18,71 cm x 46,9 cm","5,28 kg"
Monitoren,"LG 25UM58","169,-","LG","25UM58","25 inch","2560 x 1080 pixels","5 ms","None","75 Hz","IPS paneel","HDMI, Hoofdtelefoon","60,9 cm x 18,8 cm x 38,3 cm","4 kg"
Monitoren,"Acer K222HQLbid","99,-","Acer","UM.WW3EE.005","22 inch","1920 x 1080 pixels","5 ms","None","60 Hz","TN paneel","HDMI, VGA, DVI","50,8 cm x 20,7 cm x 39,1 cm","3,6 kg"
Monitoren,"BenQ GW2470H","129,-","BenQ","9H.LDMLB.QBE","24 inch","1920 x 1080 pixels","4 ms","None","75 Hz","AMVA paneel","HDMI, VGA","55,3 cm x 18,9 cm x 42,5 cm","4 kg"
Monitoren,"Philips 273V7QDAB","189,-","Philips","273V7QDAB","27 inch","1920 x 1080 pixels","5 ms","None","60 Hz","IPS paneel","HDMI, VGA, DVI, Hoofdtelefoon","61,2 cm x 22,7 cm x 54 cm","4,5 kg"
Monitoren,"BenQ Zowie XL2411","259,-","BenQ","9H.LELLB.RBE","24 inch","1080 x 1920 pixels","1 ms","None","144 Hz","TN paneel","HDMI, VGA, DVI","57 cm x 34,84 cm x 63,26 cm","6 kg"
Monitoren,"Philips 243V5LHAB","119,-","Philips","243V5LHAB/00","24 inch","1920 x 1080 pixels","1 ms","None","60 Hz","TN paneel","HDMI, VGA, DVI","55,1 cm x 22 cm x 42 cm","3,66 kg"
Monitoren,"HP EliteDisplay E240","229,-","HP","M1N99AT#ABB","24 inch","1920 x 1080 pixels","7 ms","None","60 Hz","IPS paneel","HDMI, VGA, DisplayPort, USB-type A","55,72 cm x 18,9 cm x 35,91 cm","5,8 kg"
Monitoren,"Asus VC239H","139,-","Asus","90LM01E0-B02170","23 inch","1920 x 1080 pixels","5 ms","None","60 Hz","IPS paneel","HDMI, VGA, DVI","53,32 cm x 19,96 cm x 37,32 cm","5,2 kg"
Monitoren,"LG 27UD68-P","449,-","LG","27UD68P","27 inch","3840 x 2160 pixels","5 ms","None","60 Hz","IPS paneel","HDMI, DisplayPort","61,5 cm x 25,24 cm x 41,77 cm","6,7 kg"
Monitoren,"iiyama G-Master Black Hawk GE2488HS-B2","149,-","Iiyama","GE2488HS-B2","24 inch","1920 x 1080 pixels","1 ms","None","75 Hz","TN paneel","HDMI, VGA, DVI, Hoofdtelefoon","56,8 cm x 21,75 cm x 40,9 cm","3,5 kg"
Monitoren,"Samsung S22F350FHU","122,-","Samsung","LS22F350FHUXEN","22 inch","1920 x 1080 pixels","5 ms","None","60 Hz","TN paneel","HDMI, VGA","50,86 cm x 20,65 cm x 39,54 cm","2,8 kg"
Monitoren,"iiyama G-Master Black Hawk G2530HSU-B1","159,-","Iiyama","G2530HSU-B1","24,5 inch","1920 x 1080 pixels","1 ms","None","75 Hz","TN paneel","HDMI, VGA, DisplayPort, USB","None x 19,7 cm x 40,1 cm","4 kg"
Monitoren,"iiyama ProLite B2783QSU-B1","329,-","Iiyama","B2783QSU-B1","27 inch","2560 x 1440 pixels","1 ms","None","60 Hz","TN paneel","HDMI, DVI, DisplayPort, Hoofdtelefoon, USB-type A","62,25 cm x 23 cm x 53,05 cm","6,1 kg"
Monitoren,"Philips 272S4LPJCB","279,-","Philips","272S4LPJCB/00","27 inch","2560 x 1440 pixels","2 ms","None","60 Hz","TN paneel","HDMI, VGA, DVI, DisplayPort, Hoofdtelefoon","63,9 cm x 24,4 cm x 54 cm","6,72 kg"
Monitoren,"iiyama ProLite X2474HS-B1","129,-","Iiyama","X2474HS-B1","24 inch","1920 x 1080 pixels","4 ms","None","75 Hz","VA paneel","HDMI, VGA, DisplayPort","54,7 cm x 17,7 cm x 40,5 cm","3,2 kg"
Monitoren,"AOC U2777PQU","449,-","AOC","U2777PQU","27 inch","3840 x 2160 pixels","4 ms","None","60 Hz","IPS paneel","HDMI, VGA, DVI, DisplayPort, Hoofdtelefoon, USB-type A","61,49 cm x 19,43 cm x 53,12 cm","7,3 kg"
Monitoren,"iiyama B2483HS-B1","179,-","Iiyama","B2483HS-B1","24 inch","1920 x 1080 pixels","1 ms","None","60 Hz","TN paneel","HDMI, VGA, DVI, Hoofdtelefoon","56,55 cm x 23 cm x 38,65 cm","5,1 kg"
Monitoren,"BenQ BL2420PT","249,-","BenQ","9H.LCWLA.TBE","24 inch","2560 x 1440 pixels","5 ms","None","60 Hz","IPS paneel","HDMI, VGA, DVI, DisplayPort, Hoofdtelefoon, USB-type A","56,32 cm x 23,95 cm x 52,49 cm","7 kg"
Monitoren,"LG 29UB67","279,-","LG","29UB67-P","29 inch","2560 x 1080 pixels","5 ms","None","60 Hz","IPS paneel","HDMI, DVI, DisplayPort, USB-type A","70,3 cm x 25,23 cm x 40,4 cm","8,6 kg"
Monitoren,"HP EliteDisplay E232","219,-","HP","M1N98AT","23 inch","1920 x 1080 pixels","7 ms","None","60 Hz","IPS paneel","HDMI, VGA, DisplayPort, USB-type A","54,93 cm x 4,96 cm x 33,69 cm","3,63 kg"
Monitoren,"LG 22M47VQ","109,-","LG","22M47VQ-P","22 inch","1920 x 1080 pixels","2 ms","None","60 Hz","TN paneel","HDMI, VGA, DVI, Hoofdtelefoon","51 cm x 19,7 cm x 40,9 cm","2,6 kg"
Monitoren,"iiyama ProLite X2783HSU-B1","189,-","Iiyama","X2783HSU-B1","27 inch","1920 x 1080 pixels","4 ms","None","75 Hz","VA paneel","HDMI, VGA, DVI, Hoofdtelefoon, USB-type A","62,25 cm x 21,8 cm x 44,6 cm","4,4 kg"
Monitoren,"AOC E2275PWJ","129,-","AOC","E2275PWJ","22 inch","1920 x 1080 pixels","2 ms","None","60 Hz","TN paneel","HDMI, VGA, DVI, Hoofdtelefoon","50,4 cm x 21,3 cm x 46,9 cm","4,8 kg"
Monitoren,"LG 34UM58-P","319,-","LG","34UM58-P","34 inch","2560 x 1080 pixels","5 ms","None","75 Hz","IPS paneel","HDMI, Hoofdtelefoon","83 cm x 21,32 cm x 46,07 cm","6,8 kg"
Monitoren,"Samsung LC24F396FHUXEN","189,-","Samsung","LC24F396FHUXEN","24 inch","1920 x 1080 pixels","4 ms","None","60 Hz","VA paneel","HDMI, VGA, Hoofdtelefoon","54,76 cm x 18,16 cm x 41,7 cm","4 kg"
Monitoren,"Acer K242HQLCbid","119,-","Acer","UM.UX6EE.C01","24 inch","1920 x 1080 pixels","1 ms","None","60 Hz","TN paneel","HDMI, VGA, DVI","56,7 cm x 21,8 cm x 41,2 cm","4,2 kg"
Monitoren,"Philips 273V5LHAB","169,-","Philips","273V5LHAB","27 inch","1920 x 1080 pixels","1 ms","None","60 Hz","TN paneel","HDMI, VGA, DVI, Hoofdtelefoon","6,46 cm x 2,4 cm x 4,71 cm","4,53 kg"
Monitoren,"Philips 237E7QDSB","129,-","Philips","237E7QDSB/00","23 inch","1920 x 1080 pixels","5 ms","None","60 Hz","IPS paneel","HDMI, VGA, DVI, Hoofdtelefoon","53,32 cm x 21,3 cm x 41,4 cm","3,21 kg"
Monitoren,"AOC U3277PWQU","449,-","AOC","U3277PWQU","32 inch","3840 x 2160 pixels","4 ms","None","60 Hz","AMVA paneel","HDMI, VGA, DVI, DisplayPort, Hoofdtelefoon, USB-type A","85,8 cm x 17,12 cm x 57,5 cm","11,51 kg"
Monitoren,"iiyama ProLite E2283HS-B1","119,-","Iiyama","E2283HS-B1","22 inch","1920 x 1080 pixels","1 ms","None","75 Hz","TN paneel","HDMI, VGA, DVI, Hoofdtelefoon","50,5 cm x 19,3 cm x 38,25 cm","3 kg"
Monitoren,"HP 22es","144,-","HP","T3M70AA#ABB","22 inch","1920 x 1080 pixels","7 ms","None","60 Hz","IPS paneel","HDMI, VGA","49,78 cm x 18,35 cm x 38,45 cm","2,44 kg"
Monitoren,"iiyama ProLite E2282HD-B1","109,-","Iiyama","E2282HD-B1","22 inch","1920 x 1080 pixels","5 ms","None","75 Hz","TN paneel","VGA, DVI","50,5 cm x 19,3 cm x 38,25 cm","None"
Monitoren,"Philips 227E6EDSD","119,-","Philips","227E6EDSD/00","22 inch","1920 x 1080 pixels","5 ms","None","60 Hz","IPS paneel","HDMI, VGA, DVI, Hoofdtelefoon","51,1 cm x 21,2 cm x 40 cm","2,95 kg"
Monitoren,"Samsung LS24D300HS","139,-","Samsung","LS24D300HS/EN","24 inch","1920 x 1080 pixels","2 ms","None","60 Hz","TN paneel","HDMI, VGA","56,9 cm x 41,7 cm x 19,7 cm","2,85 kg"
Monitoren,"Dell Ultrasharp U2415","309,-","Dell","210-AEVE","24 inch","1920 x 1200 pixels","8 ms","None","60 Hz","IPS paneel","HDMI, DisplayPort, Hoofdtelefoon, USB-type A","53,32 cm x 20,5 cm x 51,79 cm","4,25 kg"
Monitoren,"HP EliteDisplay E222","199,-","HP","M1N96AT#ABB","22 inch","1920 x 1080 pixels","7 ms","None","60 Hz","IPS paneel","HDMI, VGA, DisplayPort, USB-type A","51,37 cm x 18,9 cm x 33,35 cm","5,27 kg"
Monitoren,"HP 27es","249,-","HP","T3M86AA#ABB","27 inch","1920 x 1080 pixels","7 ms","None","60 Hz","IPS paneel","HDMI, VGA","62,09 cm x 19,45 cm x 45,56 cm","3,79 kg"
Monitoren,"iiyama ProLite XUB2792QSU-B1","399,-","Iiyama","XUB2792QSU-B1","27 inch","2560 x 1440 pixels","5 ms","None","75 Hz","IPS paneel","HDMI, DVI, DisplayPort, Hoofdtelefoon, USB-type A","61,1 cm x 23 cm x 52,7 cm","6,1 kg"
Monitoren,"LG 34UB88-B","549,-","LG","34UB88-B.AEU","34 inch","3440 x 1440 pixels","5 ms","None","60 Hz","IPS paneel","HDMI, DisplayPort, Thunderbolt, USB-type A, USB-type C","82,99 cm x 17,3 cm x 46,89 cm","7,7 kg"
Monitoren,"AOC I2481FXH","149,-","AOC","I2481FXH","24 inch","1920 x 1080 pixels","4 ms","None","60 Hz","IPS paneel","HDMI, VGA, Hoofdtelefoon","54,1 cm x 15 cm x 40,3 cm","3,1 kg"
Monitoren,"HP 24es","178,99","HP","T3M78AA#ABB","24 inch","1920 x 1080 pixels","7 ms","None","60 Hz","IPS paneel","HDMI, DVI","53,98 cm x 18,35 cm x 40,88 cm","3,04 kg"
Monitoren,"LG 29UM59","229,-","LG","29UM59-P.AEU","29 inch","2560 x 1080 pixels","5 ms","None","75 Hz","IPS paneel","HDMI","70,3 cm x 21,3 cm x 41,4 cm","5,2 kg"
Monitoren,"LG 29UM68","269,-","LG","29UM68-P.AEU","29 inch","2560 x 1080 pixels","5 ms","None","75 Hz","IPS paneel","HDMI, DisplayPort, Hoofdtelefoon","70,3 cm x 20,47 cm x 41,41 cm","5,2 kg"
Monitoren,"iiyama XB2380HS","179,-","Iiyama","XB2380HS-B1","23 inch","1920 x 1080 pixels","5 ms","None","60 Hz","IPS paneel","HDMI, VGA, DVI","54,85 cm x 24,45 cm x 41,55 cm","5,8 kg"
Monitoren,"BenQ Zowie RL2755","249,-","BenQ","9H.LF2LB.QBE","27 inch","1920 x 1080 pixels","1 ms","None","60 Hz","TN paneel","HDMI, VGA, DVI, Hoofdtelefoon","64 cm x 21,4 cm x 47,9 cm","5,5 kg"
Monitoren,"AOC E2475PWJ","149,-","AOC","E2475PWJ","24 inch","1920 x 1080 pixels","2 ms","None","60 Hz","TN paneel","HDMI, VGA, Hoofdtelefoon","55,88 cm x 21,3 cm x 50,5 cm","5,2 kg"
Monitoren,"AOC G2460PF","249,-","AOC","G2460PF","24 inch","1920 x 1080 pixels","1 ms","None","144 Hz","TN paneel","HDMI, VGA, DVI, DisplayPort, Hoofdtelefoon, USB-type A","56,54 cm x 2,45 cm x 39,36 cm","6,54 kg"
Monitoren,"AOC G2260VWQ6","129,-","AOC","G2260VWQ6","22 inch","1920 x 1080 pixels","1 ms","None","75 Hz","TN paneel","HDMI, VGA, DisplayPort","51,18 cm x 1,844 cm x 37,69 cm","3,03 kg"
Monitoren,"iiyama ProLite B2482HD-B1","159,-","Iiyama","B2482HD-B1","24 inch","1920 x 1080 pixels","5 ms","None","60 Hz","TN paneel","VGA, DVI","56,55 cm x 20,3 cm x 41,2 cm","3,3 kg"
Monitoren,"iiyama ProLite XB2788QS-B1","349,-","Iiyama","XB2788QS-B1","27 inch","2560 x 1440 pixels","5 ms","None","75 Hz","IPS paneel","HDMI, DVI, DisplayPort, Hoofdtelefoon","6,435 cm x 2,3 cm x 4,12 cm","6,2 kg"
Monitoren,"iiyama G-Master Black Hawk GE2788HS-B2","199,-","Iiyama","GE2788HS-B2","27 inch","1920 x 1080 pixels","1 ms","None","75 Hz","TN paneel","HDMI, VGA, DVI, Hoofdtelefoon","64,35 cm x 24,2 cm x 46,2 cm","4,6 kg"
Monitoren,"AOC AGON AG241QG","499,-","AOC","AG241QG","24 inch","2560 x 1440 pixels","1 ms","None","165 Hz","TN paneel","HDMI, DisplayPort, USB-type A","55,44 cm x 21,3 cm x 48,9 cm","5,53 kg"
Monitoren,"HP Z23n","233,35","HP","M2J79AT#ABB","23 inch","1920 x 1080 pixels","7 ms","None","60 Hz","IPS paneel","HDMI, VGA, DisplayPort","52,08 cm x 18,9 cm x 48,66 cm","5 kg"
Monitoren,"iiyama G-Master Black Hawk G2730HSU-B1","209,-","Iiyama","G2730HSU-B1","27 inch","1920 x 1080 pixels","1 ms","None","75 Hz","TN paneel","HDMI, VGA, DisplayPort, USB","61,3 cm x 19,7 cm x 44,1 cm","5,3 kg"
Monitoren,"iiyama ProLite XU2492HSU-B1","169,-","Iiyama","XU2492HSU-B1","24 inch","1920 x 1080 pixels","5 ms","None","75 Hz","IPS paneel","HDMI, VGA, DisplayPort","53,95 cm x 18,45 cm x 40,75 cm","3,6 kg"
Monitoren,"Dell P2317H","209,-","Dell","210-AJEG","23 inch","1920 x 1080 pixels","6 ms","None","60 Hz","IPS paneel","HDMI, VGA, DVI, DisplayPort, USB-type A","53,18 cm x 18 cm x 48,69 cm","5,58 kg"
Monitoren,"Asus VG248QE","289,-","Asus","90LMGG001Q022B1C-","24 inch","1920 x 1080 pixels","1 ms","None","144 Hz","TN paneel","HDMI, DVI, DisplayPort, Hoofdtelefoon","56,94 cm x 23,1 cm x 49,99 cm","5,5 kg"
Monitoren,"iiyama ProLite X2783HSU-B3","199,-","Iiyama","X2783HSU-B3","27 inch","1920 x 1080 pixels","4 ms","None","75 Hz","None","HDMI, VGA, DisplayPort, USB-type A","622,5 cm x 218 cm x 446 cm","4,4 kg"
Monitoren,"LG 27MP68HM-P","209,-","LG","27MP68HM-P.AEU","27 inch","1920 x 1080 pixels","5 ms","None","75 Hz","IPS paneel","HDMI, VGA, Hoofdtelefoon","61,38 cm x 20,46 cm x 45,74 cm","4,9 kg"
Monitoren,"LG 24MB56HQ","150,-","LG","24MB56HQ-B.AEU","24 inch","1920 x 1080 pixels","5 ms","None","75 Hz","IPS paneel","HDMI, VGA","55,4 cm x 23,9 cm x None","3,9 kg"
Monitoren,"Samsung S27F350FHU","229,-","Samsung","LS27F350FHUXEN","27 inch","1920 x 1080 pixels","4 ms","None","60 Hz","PLS paneel","HDMI, VGA, Hoofdtelefoon","62,69 cm x 24,77 cm x 46,25 cm","4,8 kg"
Monitoren,"LG 24MP58VQ","139,-","LG","24MP58VQ-W.AEU","24 inch","1920 x 1080 pixels","5 ms","None","75 Hz","IPS paneel","HDMI, VGA, DVI, Hoofdtelefoon","55,05 cm x 18,68 cm x 41,9 cm","3,2 kg"
Monitoren,"BenQ Zowie XL2430","358,16","BenQ","9H.LF1LB.QBE","24 inch","1920 x 1080 pixels","1 ms","None","144 Hz","TN paneel","HDMI, VGA, DVI, DisplayPort, Hoofdtelefoon, USB-type A","56,8 cm x 19,9 cm x None","7 kg"
Monitoren,"HP EliteDisplay E242","279,-","HP","M1P02AT","24 inch","1920 x 1200 pixels","7 ms","None","60 Hz","IPS paneel","HDMI, VGA, DisplayPort, USB-type A","56,2 cm x 5 cm x 37,7 cm","6,2 kg"
Monitoren,"AOC AGON AG271QX","499,-","AOC","AG271QX","27 inch","2560 x 1440 pixels","1 ms","None","144 Hz","TN paneel","HDMI, VGA, DVI, DisplayPort, Hoofdtelefoon, USB-type A","62,3 cm x 21,8 cm x 43,3 cm","6,8 kg"
Monitoren,"LG 24MP58VQ-P","139,-","LG","24MP58VQ-P.AEU","24 inch","1920 x 1080 pixels","5 ms","None","60 Hz","IPS paneel","HDMI, VGA, DVI, Hoofdtelefoon","55,05 cm x 18,68 cm x 41,9 cm","3,2 kg"
Monitoren,"Philips 246E7QDSW","149,-","Philips","246E7QDSW/00","24 inch","1920 x 1080 pixels","5 ms","None","60 Hz","PLS paneel","HDMI, VGA, DVI","53,9 cm x 4,5 cm x None","3,18 kg"
Monitoren,"Samsung LC24FG73FQUXEN","359,-","Samsung","LC24FG73FQUXEN","24 inch","1920 x 1080 pixels","1 ms","None","144 Hz","VA paneel","HDMI, DisplayPort, Hoofdtelefoon","54,4 cm x 28,1 cm x 51,9 cm","4,4 kg"
Monitoren,"AOC U2879VF","329,-","AOC","U2879VF","28 inch","3840 x 2160 pixels","1 ms","None","60 Hz","TN paneel","HDMI, VGA, DVI, DisplayPort, Hoofdtelefoon","68,93 cm x 16,9 cm x 39,48 cm","7,94 kg"
Monitoren,"Philips Brilliance BDM4350UC","599,-","Philips","BDM4350UC/00","43 inch","3840 x 2160 pixels","5 ms","None","60 Hz","IPS paneel","HDMI, VGA, DisplayPort, Hoofdtelefoon, USB-type A","96,8 cm x 25,9 cm x 63 cm","9,72 kg"
Monitoren,"LG 24MP59G","179,-","LG","24MP59G-P.AEU","23,8 inch","1920 x 1080 pixels","1 ms","None","75 Hz","IPS paneel","HDMI, VGA, DisplayPort, Hoofdtelefoon","55,05 cm x 20,41 cm x 41,99 cm","3,2 kg"
Monitoren,"iiyama XU2390HS-B1","149,-","Iiyama","XU2390HS-B1","23 inch","1920 x 1080 pixels","5 ms","None","60 Hz","IPS paneel","HDMI, VGA, DVI, Hoofdtelefoon","53,25 cm x 18 cm x 38,75 cm","4 kg"
Monitoren,"Asus Zenscreen MB16AC","289,-","Asus","90LM0381-B01170","15,6 inch","1920 x 1080 pixels","5 ms","None","60 Hz","IPS paneel","USB-type A, USB-type C","37 cm x 23 cm x 0,8 cm","0,78 kg"
Monitoren,"iiyama G-Master Red Eagle GB2760QSU-B1","459,-","Iiyama","GB2760QSU-B1","27 inch","2560 x 1440 pixels","1 ms","None","144 Hz","TN paneel","HDMI, DVI, DisplayPort, USB-type A","61,3 cm x 23 cm x 39,75 cm","6,4 kg"
Monitoren,"LG 27MP59G","219,-","LG","27MP59G-P.AEU","27 inch","1920 x 1080 pixels","1 ms","None","75 Hz","IPS paneel","HDMI, VGA, DisplayPort, Hoofdtelefoon","63,5 cm x 20,32 cm x 46,99 cm","4,3 kg"
Monitoren,"AOC i2381FH","139,-","AOC","i2381FH","23 inch","1920 x 1080 pixels","4 ms","None","60 Hz","IPS paneel","HDMI, VGA, Hoofdtelefoon","53,3 cm x 15 cm x 40 cm","3 kg"
Monitoren,"LG 22MB37PU","129,-","LG","22MB37PU","22 inch","1920 x 1080 pixels","5 ms","None","60 Hz","IPS paneel","VGA, DVI, USB-type A","50,9 cm x 23,9 cm x 34,9 cm","3,6 kg"
Monitoren,"LG 27UD58","389,-","LG","27UD58","27 inch","3840 x 2160 pixels","5 ms","None","60 Hz","IPS paneel","HDMI, DisplayPort, Hoofdtelefoon","61,5 cm x 49,3 cm x 36,51 cm","5,6 kg"
Monitoren,"iiyama ProLite T2252MTS-B5","259,-","Iiyama","T2252MTS-B5","22 inch","1920 x 1080 pixels","2 ms","None","75 Hz","TN paneel","HDMI, VGA, DVI, Hoofdtelefoon, USB-type A","5,165 cm x 2,205 cm x 3,715 cm","5,7 kg"
Monitoren,"AOC U3277FWQ","399,-","AOC","U3277FWQ","32 inch","3840 x 2160 pixels","4 ms","None","60 Hz","MVA paneel","HDMI, DVI, DisplayPort","74,2 cm x 17,8 cm x 51,7 cm","8 kg"
Monitoren,"LG 32MP58HQ-P","249,-","LG","32MP58HQ-P.AEU","32 inch","1920 x 1080 pixels","5 ms","None","60 Hz","IPS paneel","HDMI, VGA, Hoofdtelefoon","72,66 cm x 62,05 cm x 49,2 cm","6,5 kg"
Monitoren,"iiyama G-MASTER Silver Crow GB2783QSU-B1","339,-","Iiyama","GB2783QSU-B1","27 inch","2560 x 1440 pixels","1 ms","None","75 Hz","TN paneel","HDMI, DisplayPort","62,25 cm x 23 cm x 40,05 cm","6,1 kg"
Monitoren,"Samsung LC27F396FHUXEN","249,-","Samsung","LC27F396FHUXEN","27 inch","1920 x 1080 pixels","4 ms","None","60 Hz","VA paneel","HDMI, VGA, Hoofdtelefoon","62,3 cm x 24,3 cm x 46,6 cm","4,1 kg"
Monitoren,"Philips 328E8QJAB5","299,-","Philips","328E8QJAB5/00","32 inch","1920 x 1080 pixels","5 ms","None","60 Hz","VA paneel","HDMI, VGA, DisplayPort, Hoofdtelefoon","72,1 cm x 22,3 cm x 52,5 cm","7,2 kg"
Monitoren,"Samsung C32F391FWU","329,-","Samsung","LC32F391FWUXEN","32 inch","1920 x 1080 pixels","4 ms","None","60 Hz","VA paneel","HDMI, DisplayPort","72,43 cm x 24,77 cm x 52,22 cm","6,2 kg"
Monitoren,"Acer Predator Z35P","1.099,-","Acer","UM.CZ1EE.P01","35 inch","3440 x 1440 pixels","4 ms","None","100 Hz","VA paneel","HDMI, DisplayPort, Hoofdtelefoon, USB-type A","84,4 cm x 30,9 cm x 57,9 cm","12,5 kg"
Monitoren,"LG 22MP58VQ-P","119,-","LG","22MP58VQ-P","22 inch","1920 x 1080 pixels","5 ms","None","60 Hz","IPS paneel","HDMI, VGA, DVI, Hoofdtelefoon","51 cm x 39,6 cm x 8,1 cm","2,9 kg"
Monitoren,"Asus MB169B+","249,-","Asus","MB169B+","16 inch","1920 x 1080 pixels","14 ms","None","60 Hz","IPS paneel","USB-type A","37,9 cm x 0,85 cm x 23,6 cm","0,8 kg"
Monitoren,"iiyama ProLite XB2483HSU-B2DP","179,-","Iiyama","XB2483HSU-B2DP","24 inch","1920 x 1080 pixels","4 ms","None","60 Hz","AMVA paneel","VGA, DVI, DisplayPort, Hoofdtelefoon","55,25 cm x 23 cm x 38,1 cm","5,6 kg"
Monitoren,"Samsung C27F591FDU","309,-","Samsung","LC27F591FDUXEN","27 inch","1920 x 1080 pixels","4 ms","None","60 Hz","VA paneel","HDMI, VGA, DisplayPort, Hoofdtelefoon","61,42 cm x 27,04 cm x 45,73 cm","4,4 kg"
Monitoren,"AOC Q2577PWQ","299,-","AOC","Q2577PWQ","25 inch","2560 x 1440 pixels","5 ms","None","60 Hz","IPS paneel","HDMI, VGA, DVI, DisplayPort, Hoofdtelefoon","57,14 cm x 19,91 cm x 47,48 cm","8,5 kg"
Monitoren,"Philips 223V7QHAB","119,-","Philips","223V7QHAB","21,5 inch","1920 x 1080 pixels","5 ms","None","60 Hz","IPS paneel","HDMI, VGA, Hoofdtelefoon","49 cm x 19,5 cm x 36,8 cm","2,92 kg"
Monitoren,"iiyama B2780HSU","219,-","Iiyama","B2780HSU-B1","27 inch","1920 x 1080 pixels","1 ms","None","60 Hz","TN paneel","HDMI, VGA, DVI, USB-type A","64,2 cm x 25 cm x 43,8 cm","8 kg"
Monitoren,"BenQ GW2270HM","119,-","BenQ","9H.LEXLA.TBE","22 inch","1920 x 1080 pixels","5 ms","None","60 Hz","VA paneel","HDMI, VGA, DVI, Hoofdtelefoon","54,6 cm x 26,8 cm x 47,6 cm","3,6 kg"
Monitoren,"Asus VC279H","229,-","Asus","90LM01D0-B01670","27 inch","1920 x 1080 pixels","5 ms","None","60 Hz","IPS paneel","HDMI, VGA, DVI","62,3 cm x 21 cm x 44,1 cm","4,4 kg"
Monitoren,"AOC AGON AG241QX","379,-","AOC","AG241QX","24 inch","2560 x 1440 pixels","1 ms","None","144 Hz","TN paneel","HDMI, VGA, DVI, DisplayPort, USB-type A","55,44 cm x 21,3 cm x 48,9 cm","5,53 kg"
Monitoren,"LG 43UD79","699,-","LG","43UD79-B.AEU","43 inch","3840 x 2160 pixels","8 ms","None","60 Hz","IPS paneel","HDMI, DisplayPort, USB-type C","96,7 cm x 27,5 cm x 64,76 cm","15,9 kg"
Monitoren,"LG 24GM79G","299,-","LG","24GM79G-B.AEU","24 inch","1920 x 1080 pixels","1 ms","None","144 Hz","TN paneel","HDMI, DisplayPort, Hoofdtelefoon, USB, USB-type A","51,816 cm x 56,642 cm x 38,862 cm","6 kg"
Monitoren,"Acer K222HQLCbid","119,-","Acer","UM.WX2EE.C01","22 inch","1920 x 1080 pixels","4 ms","None","60 Hz","IPS paneel","HDMI, VGA, DVI","51 cm x 20,7 cm x 39 cm","3,6 kg"
Monitoren,"Asus VP278H","209,-","Asus","VP278H","27 inch","1920 x 1080 pixels","1 ms","None","75 Hz","TN paneel","HDMI, VGA","64,14 cm x 21,94 cm x 44,45 cm","4,8 kg"
Monitoren,"Samsung C49HG90","1.499,-","Samsung","LC49HG90DMUXEN","49 inch","3840 x 1080 pixels","1 ms","None","144 Hz","VA paneel","HDMI, DisplayPort, Hoofdtelefoon, USB-type A, USB-type B","120 cm x 38 cm x 53 cm","15 kg"
Monitoren,"Philips Brilliance BDM3270QP2","399,-","Philips","BDM3270QP2/00","32 inch","2560 x 1440 pixels","4 ms","None","60 Hz","VA paneel","HDMI, VGA, DVI, DisplayPort, Hoofdtelefoon, USB-type A","74,2 cm x 65,7 cm x 27 cm","10,76 kg"
Monitoren,"LG 24UD58-B","339,-","LG","24UD58-B.AEU","24 inch","3840 x 2160 pixels","5 ms","None","60 Hz","IPS paneel","HDMI, DisplayPort","55,37 cm x 20,32 cm x 42,16 cm","3,99 kg"
Monitoren,"Asus VG245H","219,-","Asus","90LM02V0-B01370","24 inch","1920 x 1080 pixels","1 ms","None","75 Hz","TN paneel","HDMI, VGA, Hoofdtelefoon","56,1 cm x 5 cm x 32,9 cm","5,1 kg"
Monitoren,"BenQ SW2700PT","699,-","BenQ","9H.LDKLB.QBE","27 inch","2560 x 1440 pixels","5 ms","None","60 Hz","IPS paneel","HDMI, DVI, DisplayPort, USB-type A","65,2 cm x 32,2 cm x 44,5 cm","8,3 kg"
Monitoren,"HP EliteDisplay E202","189,-","HP","M1F41AT#ABB","20 inch","1600 x 900 pixels","7 ms","None","75 Hz","IPS paneel","HDMI, VGA, DisplayPort, USB-type A","47,9 cm x 4,95 cm x None","4,8 kg"
Monitoren,"HP Z22n","239,-","HP","M2J71AT#ABB","22 inch","1920 x 1080 pixels","7 ms","None","60 Hz","IPS paneel","HDMI, VGA, DisplayPort","48,81 cm x 18,9 cm x 47,74 cm","4,75 kg"
Monitoren,"LG 24MP68VQ","169,-","LG","24MP68VQ-P.AEU","24 inch","1920 x 1080 pixels","5 ms","None","75 Hz","IPS paneel","HDMI, VGA, DVI, Hoofdtelefoon","54,17 cm x 18,68 cm x 41,62 cm","3,3 kg"
Monitoren,"Asus ROG Swift PG248Q","499,-","Asus","90LM02J0-B01370","24 inch","1920 x 1080 pixels","1 ms","None","144 Hz","TN paneel","HDMI, DisplayPort, USB-type A","56,2 cm x 23,8 cm x 53,8 cm","6,6 kg"
Monitoren,"LG 29UM59A","259,-","LG","29UM59A-P.AEU","29 inch","2560 x 1080 pixels","5 ms","None","75 Hz","IPS paneel","HDMI, USB-type C","70,3 cm x 21,3 cm x 41,4 cm","5,2 kg"
Monitoren,"Samsung LU28H750UQUXEN","499,-","Samsung","LU28H750UQUXEN","28 inch","3840 x 2160 pixels","1 ms","None","60 Hz","TN paneel","HDMI, DisplayPort","65,3 cm x 24,3 cm x 47,6 cm","5,2 kg"
Monitoren,"Samsung LU32H850UMUXEN","679,-","Samsung","LU32H850UMUXEN","32 inch","3840 x 2160 pixels","4 ms","None","60 Hz","VA paneel","HDMI, DisplayPort, USB-type A","73,1 cm x 29,9 cm x 62 cm","8,8 kg"
Monitoren,"iiyama ProLite LE4840S-B1","599,-","Iiyama","LE4840S-B1","48 inch","1920 x 1080 pixels","8 ms","None","60 Hz","VA paneel","HDMI, VGA, DVI, Hoofdtelefoon, USB-type A","108,2 cm x 62,35 cm x 6,1 cm","11,5 kg"
Monitoren,"iiyama ProLite X2481HS-B1","139,-","Iiyama","X2481HS-B1","24 inch","1920 x 1080 pixels","6 ms","None","60 Hz","VA paneel","HDMI, VGA, DVI","54,35 cm x 2,135 cm x 38,9 cm","3,7 kg"
Monitoren,"Samsung LC32HG70QQUXEN","799,-","Samsung","LC32HG70QQUXEN","32 inch","2560 x 1440 pixels","1 ms","None","144 Hz","VA paneel","HDMI, DisplayPort, Hoofdtelefoon, USB-type A","72,4 cm x 38,1 cm x 62,2 cm","9,6 kg"
Monitoren,"iiyama ProLite X4071UHSU-B1","599,-","Iiyama","X4071UHSU-B1","40 inch","3840 x 2160 pixels","3 ms","None","60 Hz","VA paneel","HDMI, VGA, DisplayPort, Hoofdtelefoon, USB-type A","90,65 cm x 23,85 cm x 57,7 cm","None"
Monitoren,"BenQ EW2775ZH","199,-","BenQ","9H.LEELB.QBE","27 inch","1920 x 1080 pixels","4 ms","None","60 Hz","VA paneel","HDMI, VGA, Hoofdtelefoon","61,38 cm x 19,49 cm x 45,85 cm","4,3 kg"
Monitoren,"AOC AGON AG271QG","769,-","AOC","AG271QG","27 inch","2560 x 1440 pixels","4 ms","None","165 Hz","IPS paneel","HDMI, DisplayPort, Hoofdtelefoon, USB, USB-type A","62,3 cm x 21,8 cm x 43,3 cm","6,8 kg"
Monitoren,"MSI Optix G27C","349,-","MSI","OptixG27C","27 inch","1920 x 1080 pixels","4 ms","None","144 Hz","IPS paneel","HDMI, DVI, DisplayPort","61,9 cm x 23,9 cm x 45,1 cm","5,8 kg"
Monitoren,"LG 34UC79G","599,-","LG","34UC79G-B.AEU","34 inch","2560 x 1080 pixels","5 ms","None","144 Hz","IPS paneel","HDMI, DisplayPort, Hoofdtelefoon, USB-type A","83,05 cm x 27,97 cm x 44,95 cm","8,6 kg"
Monitoren,"BenQ BL2205PT","132,99","BenQ","9H.LE9LA.TBE","22 inch","1920 x 1080 pixels","2 ms","None","60 Hz","TN paneel","VGA, DVI, DisplayPort","51 cm x 21,4 cm x 47,4 cm","4,2 kg"
Monitoren,"Eizo FlexScan EV2450-BK","299,-","Eizo","EV2450-BK","24 inch","1920 x 1080 pixels","5 ms","None","60 Hz","IPS paneel","HDMI, VGA, DVI, DisplayPort, USB-type A","54 cm x 28 cm x 47 cm","6,2 kg"
Monitoren,"Samsung LS27E45KBH/EN","239,-","Samsung","LS27E45KBH/EN","27 inch","1920 x 1080 pixels","5 ms","None","60 Hz","TN paneel","VGA, DVI","39,8 cm x 22,4 cm x 63,9 cm","6,7 kg"
Monitoren,"BenQ BL2405HT","165,99","BenQ","9H.LAXLB.HBE","24 inch","1920 x 1080 pixels","2 ms","None","75 Hz","TN paneel","HDMI, VGA, DVI, Hoofdtelefoon","57,9 cm x 21,3 cm x 39,2 cm","5,1 kg"
Monitoren,"Samsung LC27FG73FQUXEN","449,-","Samsung","LC27FG73FQUXEN","27 inch","1920 x 1080 pixels","1 ms","None","144 Hz","VA paneel","HDMI, DisplayPort, Hoofdtelefoon","62,1 cm x 28,1 cm x 54,1 cm","5,3 kg"
Monitoren,"LG 27MP48HQ","199,-","LG","27MP48HQ","27 inch","1920 x 1080 pixels","5 ms","None","60 Hz","IPS paneel","HDMI, VGA","63,4 cm x 21,2 cm x None","3,9 kg"
Monitoren,"LG 34UC99","999,-","LG","34UC99-W.AEU","34 inch","3440 x 1440 pixels","5 ms","None","75 Hz","IPS paneel","HDMI, DisplayPort","81,7 cm x 48,2 cm x 25,9 cm","8,3 kg"
Monitoren,"LG 27UD69P","499,-","LG","27UD69P-W.AEU","27 inch","3840 x 2160 pixels","5 ms","None","60 Hz","IPS paneel","HDMI, DisplayPort","61,5 cm x 20,9 cm x 45,49 cm","5 kg"
Monitoren,"iiyama ProLite X2788QS-B1","299,-","Iiyama","X2788QS-B1","27 inch","2560 x 1440 pixels","5 ms","None","75 Hz","IPS paneel","HDMI, DVI, DisplayPort, Hoofdtelefoon","6,435 cm x 2,42 cm x 4,62 cm","4,4 kg"
Monitoren,"AOC Q2775PQU","399,-","AOC","Q2775PQU","27 inch","2560 x 1440 pixels","4 ms","None","60 Hz","IPS paneel","HDMI, VGA, DVI, DisplayPort, Hoofdtelefoon, USB-type A","64 cm x 24,29 cm x 53,34 cm","6,6 kg"
Monitoren,"AOC AGON AG271UG","749,-","AOC","AG271UG","27 inch","3840 x 2160 pixels","1 ms","None","60 Hz","IPS paneel","HDMI, DisplayPort, Hoofdtelefoon, USB, USB-type A","62,3 cm x 21,8 cm x 43,3 cm","6,8 kg"
Monitoren,"iiyama ProLite T2235MSC-B1","339,-","Iiyama","T2235MSC-B1","22 inch","1920 x 1080 pixels","6 ms","None","75 Hz","VA paneel","VGA, DVI, DisplayPort, USB-type A","52,25 cm x 4,9 cm x 32,05 cm","5 kg"
Monitoren,"AOC i2769VM","199,-","AOC","i2769VM","27 inch","1920 x 1080 pixels","5 ms","None","60 Hz","IPS paneel","HDMI, VGA, DisplayPort","62,2 cm x 13 cm x 44,9 cm","4,99 kg"
Monitoren,"Acer GF276bmipx","229,-","Acer","UM.HG6EE.010","27 inch","1920 x 1080 pixels","1 ms","None","60 Hz","TN paneel","HDMI, VGA, DVI","63,9 cm x 17,9 cm x 38,9 cm","3,96 kg"
Monitoren,"Asus VZ229H","152,99","Asus","90LM02PC-B01670","22 inch","1920 x 1080 pixels","5 ms","None","60 Hz","IPS paneel","HDMI, VGA, Hoofdtelefoon","49,8 cm x 21 cm x 38 cm","2,5 kg"
Monitoren,"LG 29UM69G","299,-","LG","29UM69G-B.AEU","29 inch","2560 x 1080 pixels","1 ms","None","60 Hz","IPS paneel","HDMI, DisplayPort, USB, USB-type C","70 cm x 24 cm x 70 cm","5,5 kg"
Monitoren,"AOC G2770PF","339,-","AOC","G2770PF","27 inch","1920 x 1080 pixels","1 ms","None","144 Hz","TN paneel","HDMI, VGA, DVI, Hoofdtelefoon, USB-type A","55,14 cm x 2,21 cm x 40,04 cm","8 kg"
Monitoren,"LG 24MB37PM","169,-","LG","24MB37PM","24 inch","1920 x 1080 pixels","5 ms","None","60 Hz","IPS paneel","VGA, DVI","None x None x None","None"
Monitoren,"Acer Predator X34A","1.199,-","Acer","UM.CX0EE.A01","34 inch","3440 x 1440 pixels","4 ms","None","100 Hz","IPS paneel","HDMI, DisplayPort, USB-type A","82,5 cm x 30,9 cm x 46,69 cm","9,96 kg"
Monitoren,"LG 24MP88HV","206,-","LG","24MP88HV-S.AEU","24 inch","1920 x 1080 pixels","5 ms","None","75 Hz","IPS paneel","HDMI, VGA, Hoofdtelefoon","54,1 cm x 18,62 cm x 41,45 cm","3,2 kg"
Monitoren,"LG 19MB15T","269,-","LG","19MB15T","19 inch","1280 x 1024 pixels","14 ms","None","60 Hz","IPS paneel","VGA","40,6 cm x 9,4 cm x 34,5 cm","3,8 kg"
Monitoren,"Acer Predator XB241Hbmipr","439,-","Acer","UM.FX1EE.001","24 inch","1920 x 1080 pixels","1 ms","None","144 Hz","TN paneel","HDMI, DisplayPort","56,7 cm x 26,8 cm x 54,2 cm","6,31 kg"
Monitoren,"BenQ GL2706PQ","289,-","BenQ","9H.LFJLB.QBE","27 inch","2560 x 1440 pixels","1 ms","None","75 Hz","TN paneel","HDMI, DVI, DisplayPort, Hoofdtelefoon","62,3 cm x 23 cm x 53,3 cm","6,2 kg"
Monitoren,"Asus VZ249H","179,-","Asus","90LM02QC-B01670","24 inch","1920 x 1080 pixels","5 ms","None","60 Hz","IPS paneel","HDMI, VGA, Hoofdtelefoon","5,4 cm x 2,11 cm x 3,91 cm","2,9 kg"
Monitoren,"Samsung LS24H850QFUXEN","349,-","Samsung","LS24H850QFUXEN","24 inch","2560 x 1440 pixels","4 ms","None","60 Hz","PLS paneel","HDMI, DisplayPort, Hoofdtelefoon, USB-type A, USB-type C","54 cm x 23,6 cm x 52,3 cm","6,4 kg"
Monitoren,"BenQ BL2711U","499,-","BenQ","9H.LD2LB.QBE","27 inch","3840 x 2160 pixels","4 ms","None","75 Hz","IPS paneel","HDMI, DVI, DisplayPort, Hoofdtelefoon, USB-type A","63,9 cm x 24 cm x 55,1 cm","0,008 kg"
Monitoren,"iiyama ProLite T2452MTS-B5","303,95","Iiyama","T2452MTS-B5","24 inch","1920 x 1080 pixels","2 ms","None","75 Hz","TN paneel","HDMI, VGA, DVI, Hoofdtelefoon, USB-type A","55,6 cm x 22,05 cm x 39,3 cm","6,7 kg"
Monitoren,"AOC AGON AG251FZ","399,-","AOC","AG251FZ","25 inch","1920 x 1080 pixels","1 ms","None","240 Hz","TN paneel","HDMI, VGA, DVI, DisplayPort, Hoofdtelefoon, USB, USB-type A","56,7 cm x 21,8 cm x 54,5 cm","6,5 kg"
Monitoren,"Asus MB169C+","249,-","Asus","MB169C+","15,6 inch","1920 x 1080 pixels","5 ms","None","60 Hz","IPS paneel","USB-type C","37,9 cm x 0,85 cm x 23,6 cm","0,8 kg"
Monitoren,"LG 27MP89HM","299,-","LG","27MP89HM-S.AEU","27 inch","1920 x 1080 pixels","5 ms","None","60 Hz","IPS paneel","HDMI, VGA","61,3 cm x 20,4 cm x 45,7 cm","4,9 kg"
Monitoren,"BenQ PD2500Q","329,-","BenQ","9H.LG8LA.TSE","25 inch","2560 x 1440 pixels","4 ms","None","60 Hz","IPS paneel","HDMI, DisplayPort, Hoofdtelefoon, USB-type A","57 cm x 23,9 cm x 53,2 cm","7,2 kg"
Monitoren,"Philips Brilliance BDM4037UW","699,-","Philips","BDM4037UW","40 inch","3840 x 2160 pixels","4 ms","None","60 Hz","VA paneel","HDMI, VGA, DisplayPort, Hoofdtelefoon, USB-type A","90,9 cm x 24,7 cm x 64,3 cm","11,6 kg"
Monitoren,"iiyama G-Master Black Hawk GE2288HS-B1","129,-","Iiyama","GE2288HS-B1","22 inch","1920 x 1080 pixels","1 ms","None","60 Hz","TN paneel","HDMI, DVI, Hoofdtelefoon","51,3 cm x 16,95 cm x 36,45 cm","3,2 kg"
Monitoren,"Philips 245C7QJSB","199,-","Philips","245C7QJSB","23,8 inch","1920 x 1080 pixels","5 ms","None","60 Hz","IPS paneel","HDMI, VGA, DisplayPort, Hoofdtelefoon","54,1 cm x 19,7 cm x 41,2 cm","2,87 kg"
Monitoren,"Acer GN246HLBbid","259,-","Acer","UM.FG6EE.B06","24 inch","1920 x 1080 pixels","1 ms","None","144 Hz","TN paneel","HDMI, VGA, DVI","56,5 cm x 17,9 cm x 40,1 cm","5,52 kg"
Monitoren,"Samsung LS27H850QFUXEN","499,-","Samsung","LS27H850QFUXEN","27 inch","2560 x 1440 pixels","4 ms","None","60 Hz","PLS paneel","HDMI, DisplayPort, Hoofdtelefoon, USB-type A, USB-type C","61,2 cm x 23,6 cm x 54,4 cm","8 kg"
Monitoren,"Samsung S32F351FUU","309,-","Samsung","LS32F351FUUXEN","32 inch","1920 x 1080 pixels","5 ms","None","60 Hz","VA paneel","HDMI","73,16 cm x 24,77 cm x 52,22 cm","6,2 kg"
Monitoren,"LG 24MB37PY","179,-","LG","24MB37PY","24 inch","1920 x 1080 pixels","5 ms","None","60 Hz","IPS paneel","VGA, DVI, DisplayPort, USB-type A","54,8 cm x 24,6 cm x 36,7 cm","4,8 kg"
Monitoren,"Eizo FlexScan EV2780-BK","929,-","Eizo","EV2780-BK","27 inch","2560 x 1440 pixels","5 ms","None","60 Hz","IPS paneel","HDMI, DVI, DisplayPort, Hoofdtelefoon, USB-type A, USB-type C","6,1 cm x 2,45 cm x 5,45 cm","8,1 kg"
Monitoren,"Philips 272B7QPJEB","449,-","Philips","272B7QPJEB/00","27 inch","2560 x 1440 pixels","5 ms","None","60 Hz","IPS paneel","HDMI, VGA, DisplayPort, Hoofdtelefoon, USB-type A","61,4 cm x 25,7 cm x 54,8 cm","7,86 kg"
Monitoren,"HP Omen 32","448,99","HP","W9S97AA#ABB","32 inch","2560 x 1440 pixels","5 ms","None","75 Hz","VA paneel","HDMI, DisplayPort, USB-type A","73,99 cm x 17,89 cm x 52,23 cm","9,8 kg"
Monitoren,"iiyama ProLite T2252MSC-B1","279,-","Iiyama","T2252MSC-B1","22 inch","1920 x 1080 pixels","7 ms","None","76 Hz","IPS paneel","HDMI, VGA, DisplayPort","49,05 cm x 22,05 cm x 37,05 cm","2,16 kg"
Monitoren,"LG 22BK55WY-B","189,-","LG","22BK55WY-B.AEU","22 inch","1680 x 1050 pixels","5 ms","None","75 Hz","TN paneel","HDMI, VGA, DVI, DisplayPort, Hoofdtelefoon, USB-type A","50,6 cm x 23,9 cm x 37,9 cm","4,7 kg"
Monitoren,"Eizo FlexScan EV2456-WT","478,-","Eizo","EV2456-WT","24 inch","1920 x 1200 pixels","5 ms","None","60 Hz","IPS paneel","HDMI, VGA, DVI, DisplayPort, USB-type A","2,33 cm x 53,1 cm x 35,7 cm","6,7 kg"
Monitoren,"HP DreamColor Z27x Professional","1.059,-","HP","D7R00A4#ABB","27 inch","2560 x 1440 pixels","7 ms","None","60 Hz","IPS paneel","HDMI, DisplayPort, USB-type A","64,1 cm x 24,24 cm x 42,04 cm","8,8 kg"
Monitoren,"Acer Predator XB252Qbmiprzx","599,-","Acer","UM.KX2EE.001","25 inch","1920 x 1080 pixels","1 ms","None","240 Hz","TN paneel","HDMI, DisplayPort, USB-type A","55,8 cm x 26,8 cm x 50,6 cm","6,2 kg"
Monitoren,"Acer Predator XB272bmiprzx","699,-","Acer","UM.HX2EE.005","27 inch","1920 x 1080 pixels","1 ms","None","240 Hz","TN paneel","HDMI, DisplayPort, Hoofdtelefoon, USB-type A","61,4 cm x 26,8 cm x 52,4 cm","7,51 kg"
Monitoren,"BenQ SV500","999,-","BenQ","9H.F0TTB.NA2","50 inch","1920 x 1080 pixels","6,5 ms","None","60 Hz","None","HDMI, VGA, DVI","64,3 cm x 11,05 cm x 112,3 cm","21 kg"
Monitoren,"Acer ED322QWIDX","299,-","Acer","UM.JE2EE.009","32 inch","1920 x 1080 pixels","4 ms","None","60 Hz","VA paneel","HDMI, DVI","71,1 cm x 20,8 cm x 52,6 cm","8,92 kg"
Monitoren,"BenQ PV3200PT","1.119,-","BenQ","9H.LEFLB.QBE","32 inch","3840 x 2160 pixels","5 ms","None","60 Hz","IPS paneel","HDMI, DisplayPort, USB-type A","74 cm x 23,4 cm x 49 cm","12,2 kg"
Monitoren,"BenQ GW2780","229,-","BenQ","9H.LGELA.TBE","27 inch","1920 x 1080 pixels","5 ms","None","60 Hz","IPS paneel","HDMI, DisplayPort, Hoofdtelefoon","6,12 cm x 1,83 cm x 4,63 cm","4,85 kg"
Monitoren,"Eizo ColorEdge CG277","1.949,-","Eizo","CG277-BK","27 inch","2560 x 1440 pixels","6 ms","None","60 Hz","IPS paneel","HDMI, DVI, DisplayPort, USB-type A","65 cm x 28 cm x 43 cm","12,7 kg"
Monitoren,"Eizo FORIS FS2434-BK","349,-","Eizo","FS2434-BK","24 inch","1920 x 1080 pixels","4 ms","None","60 Hz","IPS paneel","HDMI, DVI, USB-type A","54 cm x 20 cm x 46 cm","5,2 kg"
Monitoren,"Acer Predator Z271Tbmiphzx","799,-","Acer","UM.HZ1EE.T01","27 inch","1920 x 1080 pixels","4 ms","None","144 Hz","VA paneel","HDMI, DisplayPort","61,9 cm x 26,8 cm x 51,9 cm","7,6 kg"
Monitoren,"BenQ BH380","1.079,-","BenQ","9H.F15PB.NA1","38 inch","1920 x 545 pixels","9 ms","None","None","None","VGA, DVI, DisplayPort","98,09 cm x 4,36 cm x 30,32 cm","6,4 kg"
Monitoren,"BenQ EW2770QZ","459,-","BenQ","9H.LG1LA.TSE","27 inch","2560 x 1440 pixels","5 ms","None","60 Hz","IPS paneel","HDMI, DisplayPort, Hoofdtelefoon","61,38 cm x 6,13 cm x 46,06 cm","5,9 kg"
Monitoren,"iiyama XB3070WQS-B1","799,-","Iiyama","XB3070WQS-B1","30 inch","2560 x 1600 pixels","5 ms","None","60 Hz","IPS paneel","HDMI, VGA, DVI, DisplayPort, Hoofdtelefoon","69,25 cm x 23 cm x 47,7 cm","7,4 kg"
Monitoren,"Acer KG241Qbmiix","159,-","Acer","UM.UX1EE.001","23,6 inch","1920 x 1080 pixels","1 ms","None","75 Hz","TN paneel","HDMI, VGA","56,7 cm x 23,2 cm x 43,7 cm","4,42 kg"
Monitoren,"LG 27BK750Y","329,-","LG","27BK750Y-B.AEU","27 inch","1920 x 1080 pixels","5 ms","None","75 Hz","IPS paneel","HDMI, DVI, DisplayPort, Hoofdtelefoon, USB, USB-type A","61,214 cm x 27,686 cm x 54,356 cm","7,6 kg"
Monitoren,"Asus MG248QR","349,-","Asus","90LM02D3-B01370","24 inch","1920 x 1080 pixels","1 ms","None","144 Hz","TN paneel","HDMI, DVI, DisplayPort","56 cm x 21 cm x 49 cm","5,2 kg"
Monitoren,"HP Z27s","849,-","HP","J3G07AT#ABB","27 inch","3840 x 2160 pixels","6 ms","None","60 Hz","IPS paneel","HDMI, DisplayPort","62,56 cm x 24,24 cm x 53,59 cm","7,8 kg"
Monitoren,"Asus VZ279Q","259,-","Asus","90LM02XC-B02470","27 inch","1920 x 1080 pixels","5 ms","None","60 Hz","IPS paneel","HDMI, VGA, DisplayPort","62 cm x 21 cm x 44 cm","3,9 kg"
Monitoren,"BenQ Zowie RL2460","249,-","BenQ","9H.LF3LB.QBE","24 inch","1920 x 1080 pixels","1 ms","None","60 Hz","TN paneel","HDMI, VGA, DVI, Hoofdtelefoon","57,9 cm x 50,2 cm x None","0,0052 kg"
Monitoren,"iiyama ProLite TE6568MIS-B1AG","2.369,-","Iiyama","TE6568MIS-B1AG","64 inch","3840 x 2160 pixels","8 ms","None","60 Hz","IPS paneel","HDMI, VGA, DisplayPort, USB-type A","152,1 cm x 89,7 cm x 9,885 cm","45 kg"
Monitoren,"Eizo ColorEdge CG2420","1.289,-","Eizo","CG2420","24 inch","1920 x 1200 pixels","10 ms","None","60 Hz","IPS paneel","HDMI, DVI, DisplayPort, USB-type A","55 cm x 25 cm x 40 cm","7,8 kg"
Monitoren,"Asus VZ239Q","189,-","Asus","90LM033C-B02670","23 inch","1920 x 1080 pixels","5 ms","None","60 Hz","IPS paneel","HDMI, VGA, DisplayPort","53 cm x 21 cm x 39 cm","2,7 kg"
Monitoren,"iiyama ProLite TH4265MIS-B1AG","1.399,-","Iiyama","TH4265MIS-B1AG","42 inch","1920 x 1080 pixels","6,5 ms","None","75 Hz","AMVA paneel","HDMI, VGA, Hoofdtelefoon, USB-type A","93,02 cm x 74 cm x 52,33 cm","24,6 kg"
Monitoren,"iiyama ProLite TE8668MIS-B1AG","5.449,-","Iiyama","TE8668MIS-B1AG","86 inch","3840 x 2160 pixels","8 ms","None","60 Hz","IPS paneel","HDMI, VGA, DisplayPort, USB-type A","116,1 cm x 10,05 cm x 198,85 cm","76 kg"
Monitoren,"iiyama ProLite TF4637MSC-B2AG","2.228,-","Iiyama","TF4637MSC-B2AG","46 inch","1920 x 1080 pixels","6,5 ms","None","60 Hz","AMVA paneel","HDMI, VGA, DVI, Hoofdtelefoon, USB-type A","110 cm x 65,45 cm x 8,9 cm","34 kg"
Monitoren,"LG 23ET63V","399,-","LG","23ET63V-W","23 inch","1920 x 1080 pixels","5 ms","None","60 Hz","IPS paneel","HDMI, VGA","55,5 cm x 5,3 cm x 33,8 cm","4,4 kg"
Monitoren,"BenQ ZOWIE XL2735","499,-","BenQ","9H.LFHLB.QBE","27 inch","2560 x 1440 pixels","1 ms","None","144 Hz","TN paneel","HDMI, DVI, DisplayPort, Hoofdtelefoon, USB-type A","55,88 cm x 22,6 cm x 63,25 cm","8,3 kg"
Monitoren,"Eizo FlexScan EV2455-BK","419,-","Eizo","EV2455-BK","24 inch","1920 x 1200 pixels","5 ms","None","60 Hz","IPS paneel","HDMI, VGA, DVI, DisplayPort, USB-type A","53 cm x 23 cm x 49 cm","6,5 kg"
Monitoren,"Asus MX27AQ","529,-","Asus","90LM0140-B01670","27 inch","2560 x 1440 pixels","5 ms","None","60 Hz","IPS paneel","HDMI, DisplayPort, Hoofdtelefoon","6,144 cm x 2,254 cm x 4,295 cm","5,5 kg"
Monitoren,"BenQ RP790","3.999,-","BenQ","9H.F1VTK.DE2","79 inch","3840 x 2160 pixels","5 ms","None","60 Hz","IPS paneel","HDMI, VGA, Hoofdtelefoon, USB-type A","184,7 cm x 9,5 cm x 109,3 cm","91 kg"
Monitoren,"LG 29UC88","449,-","LG","29UC88","29 inch","2560 x 1080 pixels","5 ms","None","75 Hz","IPS paneel","HDMI, DisplayPort, Hoofdtelefoon","70,1 cm x 25,2 cm x 39,6 cm","7 kg"
Monitoren,"Samsung LC32H711QEUXEN","569,-","Samsung","LC32H711QEUXEN","32 inch","2560 x 1440 pixels","4 ms","None","60 Hz","VA paneel","HDMI, DisplayPort","71,25 cm x 27,63 cm x 51,9 cm","6,8 kg"
Monitoren,"BenQ GW2760HS","199,-","BenQ","9H.L9NLB.QBE","27 inch","1920 x 1080 pixels","4 ms","None","60 Hz","VA paneel","HDMI, VGA, DVI, Hoofdtelefoon","62,3 cm x 19,1 cm x 47,2 cm","4,5 kg"
Monitoren,"Acer XZ321Qbmijpphzx","429,-","Acer","UM.JX1EE.005","32 inch","1920 x 1080 pixels","4 ms","None","144 Hz","VA paneel","HDMI, DisplayPort","72,2 cm x 30 cm x 57,8 cm","7,6 kg"
Monitoren,"Eizo ColorEdge CG2420","1.289,-","Eizo","CG2420","24 inch","1920 x 1200 pixels","10 ms","None","60 Hz","IPS paneel","HDMI, DVI, DisplayPort, USB-type A","55 cm x 25 cm x 40 cm","7,8 kg"
Monitoren,"iiyama ProLite LE5540S-B1","899,-","Iiyama","LE5540S-B1","55 inch","1920 x 1080 pixels","8 ms","None","60 Hz","IPS paneel","HDMI, VGA, DVI, Hoofdtelefoon, USB-type A","123,8 cm x 71,11 cm x 6,17 cm","16 kg"
Monitoren,"Asus VG245HE","199,-","Asus","90LM02V3-B01370","24 inch","1920 x 1080 pixels","1 ms","None","75 Hz","TN paneel","HDMI, VGA","56 cm x 21 cm x 41,5 cm","4,7 kg"
Monitoren,"iiyama ProLite TE6568MIS-B1AG","2.369,-","Iiyama","TE6568MIS-B1AG","64 inch","3840 x 2160 pixels","8 ms","None","60 Hz","IPS paneel","HDMI, VGA, DisplayPort, USB-type A","152,1 cm x 89,7 cm x 9,885 cm","45 kg"
Monitoren,"iiyama ProLite TF4637MSC-B2AG","2.228,-","Iiyama","TF4637MSC-B2AG","46 inch","1920 x 1080 pixels","6,5 ms","None","60 Hz","AMVA paneel","HDMI, VGA, DVI, Hoofdtelefoon, USB-type A","110 cm x 65,45 cm x 8,9 cm","34 kg"
Monitoren,"iiyama ProLite TH4265MIS-B1AG","1.399,-","Iiyama","TH4265MIS-B1AG","42 inch","1920 x 1080 pixels","6,5 ms","None","75 Hz","AMVA paneel","HDMI, VGA, Hoofdtelefoon, USB-type A","93,02 cm x 74 cm x 52,33 cm","24,6 kg"
Monitoren,"AOC AGON AG352QCX","599,-","AOC","AG352QCX","35 inch","2560 x 1080 pixels","4 ms","None","200 Hz","VA paneel","HDMI, VGA, DisplayPort, Hoofdtelefoon, USB, USB-type A","84,7 cm x 26,6 cm x 58,7 cm","11,8 kg"
Monitoren,"BenQ BL2706HT","243,95","BenQ","9H.LG3LA.TBE","27 inch","1920 x 1080 pixels","4 ms","None","75 Hz","IPS paneel","HDMI, VGA, DVI","61,67 cm x 23,96 cm x 57,12 cm","7 kg"
Monitoren,"HP Z24n","329,-","HP","K7B99AT","24 inch","1920 x 1200 pixels","8 ms","None","60 Hz","IPS paneel","HDMI, VGA, DisplayPort, USB-type A","53,38 cm x 4,93 cm x 35,11 cm","5,78 kg"
Monitoren,"iiyama ProLite T2336MSC-B2","349,-","Iiyama","T2336MSC-B2","23 inch","1920 x 1080 pixels","5 ms","None","75 Hz","IPS paneel","HDMI, VGA, DVI, USB-type A","56,1 cm x 25,4 cm x 37,9 cm","6,3 kg"
Monitoren,"iiyama ProLite TE8668MIS-B1AG","5.449,-","Iiyama","TE8668MIS-B1AG","86 inch","3840 x 2160 pixels","8 ms","None","60 Hz","IPS paneel","HDMI, VGA, DisplayPort, USB-type A","116,1 cm x 10,05 cm x 198,85 cm","76 kg"
Monitoren,"Asus MX239H","229,-","Asus","90LMGC051L010O1C","23 inch","1920 x 1080 pixels","5 ms","None","60 Hz","IPS paneel","HDMI, VGA","52,2 cm x 20,72 cm x 39,22 cm","3,7 kg"
Monitoren,"BenQ ZOWIE XL2735","499,-","BenQ","9H.LFHLB.QBE","27 inch","2560 x 1440 pixels","1 ms","None","144 Hz","TN paneel","HDMI, DVI, DisplayPort, Hoofdtelefoon, USB-type A","55,88 cm x 22,6 cm x 63,25 cm","8,3 kg"
Monitoren,"Acer EB321HQUAwidp","349,-","Acer","UM.JE1EE.A01","32 inch","2560 x 1440 pixels","4 ms","None","60 Hz","IPS paneel","HDMI, DVI, DisplayPort","73 cm x 18 cm x 48,6 cm","6,9 kg"
Monitoren,"HP EliteDisplay E243","259,-","HP","1FH47AT","23,8 inch","1920 x 1080 pixels","5 ms","None","60 Hz","IPS paneel","HDMI, VGA, DisplayPort, Hoofdtelefoon, USB, USB-type A","53,88 cm x 20,5 cm x 33,3 cm","5,6 kg"
Monitoren,"Eizo FlexScan EV2451-BK","349,-","Eizo","EV2451-BK","24 inch","1920 x 1080 pixels","5 ms","None","60 Hz","IPS paneel","HDMI, VGA, DVI, DisplayPort, USB-type A","19 cm x 53,8 cm x 32,3 cm","5,5 kg"
Monitoren,"Eizo FlexScan EV2456-BK","499,-","Eizo","EV2456-BK","24 inch","1920 x 1200 pixels","5 ms","None","60 Hz","IPS paneel","HDMI, VGA, DVI, DisplayPort, USB-type A","2,33 cm x 53,1 cm x 35,7 cm","6,7 kg"
Monitoren,"HP Z30i","1.359,-","HP","D7P94AT#ABB","30 inch","2560 x 1600 pixels","8 ms","None","60 Hz","IPS paneel","HDMI, VGA, DVI, DisplayPort","69,03 cm x 60,1 cm x 26,64 cm","9,96 kg"
Monitoren,"iiyama ProLite LE4340S-B1","499,-","Iiyama","LE4340S-B1","43 inch","1920 x 1080 pixels","8 ms","None","60 Hz","VA paneel","HDMI, VGA, DVI, Hoofdtelefoon, USB-type A","96,8 cm x 6,1 cm x 55,95 cm","8,7 kg"
Monitoren,"BenQ PD2710QC","679,-","BenQ","9H.LG2LA.TSE","27 inch","2560 x 1440 pixels","5 ms","None","60 Hz","IPS paneel","HDMI, DisplayPort, Hoofdtelefoon, USB-type A, USB-type C","6,138 cm x 2,78 cm x 6,248 cm","7,4 kg"
Monitoren,"iiyama ProLite LE3240S-B1","319,-","Iiyama","LE3240S-B1","32 inch","1920 x 1080 pixels","8 ms","None","60 Hz","IPS paneel","HDMI, VGA, DVI, Hoofdtelefoon, USB-type A","72,65 cm x 42,52 cm x 6,35 cm","5,2 kg"
Monitoren,"Eizo FlexScan EV2450-WT","309,-","Eizo","EV2450-WT","24 inch","1920 x 1080 pixels","5 ms","None","60 Hz","IPS paneel","HDMI, VGA, DVI, DisplayPort, USB-type A","54 cm x 28 cm x 47 cm","6,2 kg"
Monitoren,"iiyama ProLite TF3237MSC-B3AG","1.269,-","Iiyama","TF3237MSC-B3AG","32 inch","1920 x 1080 pixels","8 ms","None","60 Hz","AMVA paneel","HDMI, VGA, DVI, USB-type A","78,1 cm x 6,9 cm x 47,6 cm","17,3 kg"
Monitoren,"LG 17MB15T","259,-","LG","17MB15T","17 inch","1280 x 1024 pixels","5 ms","None","60 Hz","TN paneel","VGA","37 cm x 9,5 cm x 31,5 cm","3,3 kg"
Monitoren,"BenQ Zowie XL2720","429,-","BenQ","9H.LEWLB.RBE","27 inch","1920 x 1080 pixels","1 ms","None","144 Hz","TN paneel","HDMI, VGA, DVI, DisplayPort, USB-type A","71,1 cm x 24,5 cm x 48,6 cm","7,5 kg"
Monitoren,"iiyama ProLite T2435MSC-B2","399,-","Iiyama","T2435MSC-B2","24 inch","1920 x 1080 pixels","6 ms","None","60 Hz","VA paneel","HDMI, DVI, DisplayPort, USB-type A","57,1 cm x 4,45 cm x 34,75 cm","6,2 kg"
Monitoren,"BenQ BL2706HT","243,95","BenQ","9H.LG3LA.TBE","27 inch","1920 x 1080 pixels","4 ms","None","75 Hz","IPS paneel","HDMI, VGA, DVI","61,67 cm x 23,96 cm x 57,12 cm","7 kg"
Monitoren,"LG 24BK550Y-B","189,-","LG","24BK550Y-B.AEU","24 inch","1920 x 1080 pixels","5 ms","None","75 Hz","IPS paneel","HDMI, VGA, DVI, DisplayPort, Hoofdtelefoon, USB-type A","5,537 cm x 2,388 cm x 3,835 cm","5,7 kg"
Monitoren,"Asus ROG Strix XG27VQ","499,-","Asus","90LM03G0-B01970","27 inch","1920 x 1080 pixels","4 ms","None","144 Hz","VA paneel","HDMI, DVI, DisplayPort, Hoofdtelefoon","62 cm x 26,8 cm x 52 cm","7 kg"
Monitoren,"LG 24BK750Y-B","269,-","LG","24BK750Y-B.AEU","24 inch","1920 x 1080 pixels","5 ms","None","75 Hz","IPS paneel","HDMI, DVI, DisplayPort, Hoofdtelefoon, USB-type A","5,385 cm x 2,769 cm x 5,232 cm","6,2 kg"
Monitoren,"AOC i2490VXQ/BT","149,-","AOC","i2490VXQ/BT","23,8 inch","1920 x 1080 pixels","4 ms","None","60 Hz","IPS paneel","HDMI, VGA, DisplayPort, Hoofdtelefoon","54,05 cm x 20 cm x 41,2 cm","3,2 kg"
Monitoren,"Samsung LC27H580FDUXEN","299,-","Samsung","LC27H580FDUXEN","27 inch","1920 x 1080 pixels","4 ms","None","60 Hz","VA paneel","HDMI, VGA, DisplayPort, Hoofdtelefoon","61,42 cm x 27,04 cm x 45,73 cm","4,2 kg"
Monitoren,"HP Z24nf","292,95","HP","K7C00AT#ABB","24 inch","1920 x 1080 pixels","8 ms","None","60 Hz","IPS paneel","HDMI, DVI, DisplayPort, USB-type A","54,06 cm x 5,04 cm x 32,35 cm","5,2 kg"
Monitoren,"LG 23MB35PY-W","139,-","LG","23MB35PY-W","23 inch","1920 x 1080 pixels","5 ms","None","60 Hz","IPS paneel","VGA, DVI, DisplayPort, USB-type A","54,8 cm x 24,6 cm x 36,7 cm","4,2 kg"
Monitoren,"iiyama ProLite LH5565S-B1","1.369,-","Iiyama","LH5565S-B1","55 inch","1920 x 1080 pixels","12 ms","None","60 Hz","IPS paneel","HDMI, VGA, Hoofdtelefoon, USB-type A","1247,5 cm x 71,8 cm x 5,35 cm","26,3 kg"
Monitoren,"Eizo FlexScan EV3237-BK","1.259,-","Eizo","EV3237-BK","32 inch","3840 x 2160 pixels","5 ms","None","60 Hz","IPS paneel","HDMI, DVI, DisplayPort, Hoofdtelefoon, USB-type A","73 cm x 25 cm x 58 cm","10,6 kg"
Monitoren,"HP EliteDisplay E272q","459,-","HP","M1P04AT","27 inch","2560 x 1440 pixels","7 ms","None","60 Hz","IPS paneel","HDMI, VGA, DisplayPort, USB-type A","64,32 cm x 4,8 cm x 39,25 cm","6 kg"
Monitoren,"BenQ BL2423PT","203,95","BenQ","9H.LFSLA.TBE","24 inch","1920 x 1080 pixels","6 ms","None","75 Hz","IPS paneel","VGA, DVI, DisplayPort, Hoofdtelefoon, USB-type A","56,32 cm x 23,95 cm x 52,49 cm","4,1 kg"
Monitoren,"iiyama TH5565MIS-B1AG","1.809,-","Iiyama","TH5565MIS-B1AG","55 inch","1920 x 1080 pixels","12 ms","None","76 Hz","IPS paneel","HDMI, VGA, USB-type A","126,5 cm x 7,2 cm x 73,7 cm","37,5 kg"
Monitoren,"LG 24BK55WY-B","259,-","LG","24BK55WY-B.AEU","24 inch","1920 x 1200 pixels","5 ms","None","75 Hz","TN paneel","VGA, DVI, DisplayPort, Hoofdtelefoon, USB-type A","5,58 cm x 2,39 cm x 3,95 cm","5,4 kg"
Monitoren,"BenQ GL2450HM","149,-","BenQ","9H.L7CLB.RBE","24 inch","1920 x 1080 pixels","2 ms","None","60 Hz","TN paneel","HDMI, VGA, DVI","57,9 cm x 17,9 cm x 43,7 cm","4,1 kg"
Monitoren,"iiyama G-Master Red Eagle GB2788HS-B2","359,-","Iiyama","GB2788HS-B2","27 inch","1920 x 1080 pixels","1 ms","None","144 Hz","TN paneel","HDMI, DVI, DisplayPort","64,35 cm x 23 cm x 41,2 cm","6,9 kg"
Monitoren,"HP Z30i","1.359,-","HP","D7P94AT#ABB","30 inch","2560 x 1600 pixels","8 ms","None","60 Hz","IPS paneel","HDMI, VGA, DVI, DisplayPort","69,03 cm x 60,1 cm x 26,64 cm","9,96 kg"
Monitoren,"LG 34UM69G","499,-","LG","34UM69G-B.AEU","34 inch","2560 x 1080 pixels","1 ms","None","75 Hz","IPS paneel","HDMI, DisplayPort, USB-type C","82,8 cm x 27,9 cm x 37 cm","8,5 kg"
Monitoren,"LG 24BK750Y-B","269,-","LG","24BK750Y-B.AEU","24 inch","1920 x 1080 pixels","5 ms","None","75 Hz","IPS paneel","HDMI, DVI, DisplayPort, Hoofdtelefoon, USB-type A","5,385 cm x 2,769 cm x 5,232 cm","6,2 kg"
Monitoren,"BenQ Zowie XL2540","499,-","BenQ","9H.LFNLB.QBE","25 inch","1920 x 1080 pixels","1 ms","None","240 Hz","TN paneel","HDMI, DVI, DisplayPort, Hoofdtelefoon, USB-type A","56,994 cm x 22,6 cm x 51,543 cm","7,5 kg"
Monitoren,"Samsung LC34F791WQUXEN","932,-","Samsung","LC34F791WQUXEN","34 inch","3440 x 1440 pixels","4 ms","None","100 Hz","VA paneel","HDMI, DisplayPort, USB-type A","80,87 cm x 16,7 cm x 36,28 cm","6,1 kg"
Monitoren,"iiyama TH5565MIS-B1AG","1.809,-","Iiyama","TH5565MIS-B1AG","55 inch","1920 x 1080 pixels","12 ms","None","76 Hz","IPS paneel","HDMI, VGA, USB-type A","126,5 cm x 7,2 cm x 73,7 cm","37,5 kg"
Monitoren,"Samsung LS25HG50FQUXEN","299,-","Samsung","LS25HG50FQUXEN","25 inch","1920 x 1080 pixels","1 ms","None","144 Hz","TN paneel","HDMI, DisplayPort, Hoofdtelefoon","57,05 cm x 28,07 cm x 52,72 cm","5,4 kg"
Monitoren,"Samsung LC27H580FDUXEN","299,-","Samsung","LC27H580FDUXEN","27 inch","1920 x 1080 pixels","4 ms","None","60 Hz","VA paneel","HDMI, VGA, DisplayPort, Hoofdtelefoon","61,42 cm x 27,04 cm x 45,73 cm","4,2 kg"
Monitoren,"LG 24BK550Y-B","189,-","LG","24BK550Y-B.AEU","24 inch","1920 x 1080 pixels","5 ms","None","75 Hz","IPS paneel","HDMI, VGA, DVI, DisplayPort, Hoofdtelefoon, USB-type A","5,537 cm x 2,388 cm x 3,835 cm","5,7 kg"
Monitoren,"iiyama ProLite LE3240S-B1","319,-","Iiyama","LE3240S-B1","32 inch","1920 x 1080 pixels","8 ms","None","60 Hz","IPS paneel","HDMI, VGA, DVI, Hoofdtelefoon, USB-type A","72,65 cm x 42,52 cm x 6,35 cm","5,2 kg"
Monitoren,"Eizo FlexScan EV2750-BK","769,-","Eizo","EV2750-BK","27 inch","2560 x 1440 pixels","5 ms","None","60 Hz","IPS paneel","HDMI, DVI, DisplayPort, USB-type A","61 cm x 24,5 cm x 54,5 cm","7,9 kg"
Monitoren,"LG 17MB15T","259,-","LG","17MB15T","17 inch","1280 x 1024 pixels","5 ms","None","60 Hz","TN paneel","VGA","37 cm x 9,5 cm x 31,5 cm","3,3 kg"
Monitoren,"LG 24BK55WY-B","259,-","LG","24BK55WY-B.AEU","24 inch","1920 x 1200 pixels","5 ms","None","75 Hz","TN paneel","VGA, DVI, DisplayPort, Hoofdtelefoon, USB-type A","5,58 cm x 2,39 cm x 3,95 cm","5,4 kg"
Monitoren,"iiyama ProLite T2435MSC-B2","399,-","Iiyama","T2435MSC-B2","24 inch","1920 x 1080 pixels","6 ms","None","60 Hz","VA paneel","HDMI, DVI, DisplayPort, USB-type A","57,1 cm x 4,45 cm x 34,75 cm","6,2 kg"
Monitoren,"Philips Brilliance 349X7FJEW","799,-","Philips","349X7FJEW/00","34 inch","3440 x 1440 pixels","4 ms","None","60 Hz","VA paneel","HDMI, DisplayPort, Hoofdtelefoon, USB-type A","8,1 cm x 1,92 cm x 4,44 cm","8,21 kg"
Monitoren,"BenQ GL2450HM","149,-","BenQ","9H.L7CLB.RBE","24 inch","1920 x 1080 pixels","2 ms","None","60 Hz","TN paneel","HDMI, VGA, DVI","57,9 cm x 17,9 cm x 43,7 cm","4,1 kg"
Monitoren,"iiyama ProLite LE4340S-B1","499,-","Iiyama","LE4340S-B1","43 inch","1920 x 1080 pixels","8 ms","None","60 Hz","VA paneel","HDMI, VGA, DVI, Hoofdtelefoon, USB-type A","96,8 cm x 6,1 cm x 55,95 cm","8,7 kg"
Monitoren,"Eizo ColorEdge CG2730","1.669,-","Eizo","CG2730","27 inch","2560 x 1440 pixels","5 ms","None","60 Hz","IPS paneel","HDMI, DVI, DisplayPort, USB-type A","64 cm x 25 cm x 56 cm","8,9 kg"
Monitoren,"LG 27UD69","459,-","LG","27UD69-W.AEU","27 inch","3840 x 2160 pixels","5 ms","None","60 Hz","IPS paneel","HDMI, DisplayPort","61,5 cm x 20,9 cm x 45,49 cm","5 kg"
Monitoren,"Acer KG271bmiix","189,-","Acer","UM.HX1EE.027","27 inch","1920 x 1080 pixels","1 ms","None","75 Hz","None","HDMI, VGA","61,4 cm x 23,2 cm x 46,5 cm","5,62 kg"
Monitoren,"Acer KG221Qbmix","129,-","Acer","UM.WX1EE.005","21,5 inch","1920 x 1080 pixels","1 ms","None","75 Hz","TN paneel","HDMI, VGA","50,8 cm x 18,9 cm x 40,6 cm","3,36 kg"
Monitoren,"Acer SA220Qbid","119,-","Acer","UM.WS0EE.002","21,5 inch","1920 x 1080 pixels","4 ms","None","60 Hz","IPS paneel","HDMI, VGA, DVI","49,8 cm x 3,6 cm x 30,2 cm","2,5 kg"
Monitoren,"Acer KG271Abmidpx","289,-","Acer","UM.HX1EE.A05","27 inch","1920 x 1080 pixels","1 ms","None","144 Hz","TN paneel","HDMI, DVI, DisplayPort","61,4 cm x 23,2 cm x 45,5 cm","5,79 kg"
Monitoren,"Acer SA270bid","199,-","Acer","UM.HS0EE.001","27 inch","1920 x 1080 pixels","4 ms","None","60 Hz","IPS paneel","HDMI, VGA, DVI","62,1 cm x 3,6 cm x 37,2 cm","3,2 kg"
Monitoren,"Samsung C24FG70","349,-","Samsung","LC24FG70FQUXEN","24 inch","1920 x 1080 pixels","1 ms","None","144 Hz","VA paneel","HDMI, DisplayPort, Hoofdtelefoon","54,5 cm x 38,64 cm x 52,99 cm","5,2 kg"
Monitoren,"LG 34UM68-P","369,-","LG","34UM68-P","34 inch","2560 x 1080 pixels","5 ms","None","75 Hz","IPS paneel","HDMI, DisplayPort","83 cm x 23,8 cm x 43 cm","8 kg"
Monitoren,"Samsung S24E450B","169,-","Samsung","LS24E45KBSV/EN","24 inch","1920 x 1080 pixels","5 ms","None","60 Hz","TN paneel","VGA, DVI","56,54 cm x 22,4 cm x 48,68 cm","5,87 kg"
Monitoren,"Asus VS247HR","129,-","Asus","90LME2301T02231C","24 inch","1920 x 1080 pixels","2 ms","None","60 Hz","TN paneel","HDMI, VGA, DVI","56,18 cm x 20 cm x 41 cm","4,2 kg"
Monitoren,"AOC E2470SWH","109,-","AOC","E2470SWH","24 inch","1920 x 1080 pixels","1 ms","None","60 Hz","TN paneel","HDMI, VGA, DVI, Hoofdtelefoon","55,14 cm x 2,21 cm x 40,04 cm","3,58 kg"
Monitoren,"Dell Ultrasharp U2414H","249,-","Dell","210-ADUL","24 inch","1920 x 1080 pixels","8 ms","None","60 Hz","IPS paneel","HDMI, DisplayPort, Hoofdtelefoon, USB-type A","53,91 cm x 18,5 cm x 48,58 cm","5,76 kg"
Monitoren,"Acer SA240Ybid","149,-","Acer","UM.QS0EE.001","23,8 inch","1920 x 1080 pixels","4 ms","None","60 Hz","IPS paneel","HDMI, VGA, DVI","54 cm x 3,6 cm x 32,3 cm","2,85 kg"
Monitoren,"LG 27UD88","599,-","LG","27UD88","27 inch","3840 x 2160 pixels","5 ms","None","60 Hz","IPS paneel","HDMI, DisplayPort, Hoofdtelefoon, USB-type A, USB-type C","61,5 cm x 20,5 cm x 42,42 cm","6,2 kg"
Monitoren,"Dell UltraSharp U2412M","269,-","Dell","210-AGYH","24 inch","1920 x 1200 pixels","8 ms","None","60 Hz","IPS paneel","VGA, DVI, DisplayPort, USB-type A","55,6 cm x 6,5 cm x None","4 kg"
Monitoren,"Samsung LC27H711QEUXEN","499,-","Samsung","LC27H711QEUXEN","27 inch","2560 x 1440 pixels","4 ms","None","60 Hz","VA paneel","HDMI, DisplayPort","61,42 cm x 27,63 cm x 46,2 cm","5,3 kg"
Monitoren,"Samsung LC27HG70QQUXEN","699,-","Samsung","LC27HG70QQUXEN","27 inch","2560 x 1440 pixels","1 ms","None","144 Hz","VA paneel","HDMI, DisplayPort, Hoofdtelefoon, USB-type A","39,07 cm x 62,48 cm x 55,67 cm","6,3 kg"
Monitoren,"Samsung LS24E45UFS/EN","179,-","Samsung","LS24E45UFS/EN","24 inch","1920 x 1080 pixels","5 ms","None","60 Hz","TN paneel","HDMI, VGA, DVI, USB, USB-type A","3,62 cm x 2,24 cm x 5,65 cm","5,1 kg"
Monitoren,"Philips 288P6LJEB","409,-","Philips","288P6LJEB/00","28 inch","3840 x 2160 pixels","1 ms","None","60 Hz","TN paneel","HDMI, VGA, DVI, DisplayPort, USB-type A","65,9 cm x 27,3 cm x 57,3 cm","8,04 kg"
Monitoren,"Acer BE240Ybmjjpprzx","239,-","Acer","UM.QB0EE.006","24 inch","1920 x 1080 pixels","6 ms","None","60 Hz","IPS paneel","HDMI, DisplayPort, Hoofdtelefoon, USB, USB-type A","5,166 cm x 0,21 cm x 5,4 cm","6,25 kg"
Monitoren,"LG 34UM88C","599,-","LG","34UM88C","34 inch","3440 x 1440 pixels","5 ms","None","60 Hz","IPS paneel","HDMI, DisplayPort, USB-type A","82,99 cm x 25,24 cm x None","8,4 kg"
Monitoren,"Asus MX279H","289,-","Asus","90LMGD051R010O1C","27 inch","1920 x 1080 pixels","5 ms","None","60 Hz","IPS paneel","HDMI, VGA","62,26 cm x 22,52 cm x 44,13 cm","5,2 kg"
Monitoren,"Asus ROG Swift PG348Q","1.199,-","Asus","90LM02A0-B01370","34 inch","3440 x 1440 pixels","5 ms","None","100 Hz","IPS paneel","HDMI, DisplayPort, Hoofdtelefoon, USB-type A","82,9 cm x 29,7 cm x 55,8 cm","14,9 kg"
Monitoren,"HP EliteDisplay E240c","241,95","HP","M1P00AT","24 inch","1920 x 1080 pixels","7 ms","None","60 Hz","IPS paneel","HDMI, VGA, DisplayPort, USB-type A","56,39 cm x 4,91 cm x 38,39 cm","6,3 kg"
Monitoren,"Dell P2418HZ","329,-","Dell","P2418HZ","24 inch","1920 x 1080 pixels","6 ms","None","60 Hz","IPS paneel","HDMI, VGA, DisplayPort, USB-type A","54,98 cm x 18 cm x 37,56 cm","6,12 kg"
Monitoren,"AOC Agon AG352UCG","899,-","AOC","AG352UCG","35 inch","3440 x 1440 pixels","3 ms","None","100 Hz","MVA paneel","HDMI, DisplayPort, USB-type A","84,7 cm x 26,6 cm x 58,7 cm","11,8 kg"
Monitoren,"BenQ PD3200U","899,-","BenQ","9H.LF9LA.TBE","32 inch","3840 x 2160 pixels","4 ms","None","75 Hz","IPS paneel","HDMI, DisplayPort, Hoofdtelefoon, USB-type A","74 cm x 21,3 cm x 49 cm","12,5 kg"
Monitoren,"BenQ SW320","1.399,-","BenQ","9H.LFVLB.QBE","32 inch","3840 x 2160 pixels","5 ms","None","60 Hz","IPS paneel","HDMI, VGA, DisplayPort, USB-type A","75,9 cm x 34 cm x 66,36 cm","20 kg"
Monitoren,"Acer XR342CKbmijphuzx","1.049,-","Acer","UM.CX2EE.005","34 inch","3440 x 1440 pixels","4 ms","None","100 Hz","IPS paneel","HDMI, DisplayPort, USB-type C","81,62 cm x 12,47 cm x 36,77 cm","6,55 kg"
Monitoren,"Acer H277HUkmipuz Goud","549,-","Acer","UM.HH7EE.017","27 inch","2560 x 1440 pixels","4 ms","None","60 Hz","IPS paneel","HDMI, DisplayPort, USB-type A, USB-type C","61,3 cm x 21,7 cm x 43,9 cm","4,1 kg"
Monitoren,"Acer KA220HQbid","99,-","Acer","UM.WX0EE.001","22 inch","1920 x 1080 pixels","5 ms","None","60 Hz","TN paneel","HDMI, VGA","50,8 cm x 16,4 cm x 40,2 cm","2,7 kg"
Monitoren,"Asus PB287Q","419,-","Asus","90LM00R0-B02170","28 inch","3840 x 2160 pixels","1 ms","None","60 Hz","TN paneel","HDMI, DisplayPort, Hoofdtelefoon","66 cm x 22 cm x 41,4 cm","7,9 kg"
Monitoren,"Dell UltraSharp UP2716D","718,-","Dell","210-AGTR","27 inch","2560 x 1440 pixels","6 ms","None","60 Hz","IPS paneel","HDMI, DisplayPort, Hoofdtelefoon, USB-type A","61,14 cm x 20,03 cm x 36,25 cm","4,5 kg"
Monitoren,"Eizo FlexScan EV3237-GY","1.259,-","Eizo","EV3237-GY","32 inch","3840 x 2160 pixels","5 ms","None","60 Hz","IPS paneel","HDMI, DVI, DisplayPort, Hoofdtelefoon, USB-type A","73 cm x 25 cm x 58 cm","10,6 kg"
Monitoren,"LG 32UD99","1.099,-","LG","32UD99-W.AEU","31,5 inch","3840 x 2160 pixels","5 ms","None","60 Hz","IPS paneel","HDMI, DisplayPort, USB-type A, USB-type C","71,38 cm x 25,92 cm x 48,54 cm","8,8 kg"
Monitoren,"BenQ IL 420","1.499,-","BenQ","9H.F07PQ.NA2","42 inch","1920 x 1080 pixels","5 ms","None","60 Hz","TN paneel","HDMI, VGA, DVI, DisplayPort, USB-type A","98,1 cm x 12,1 cm x 57,1 cm","23 kg"
Monitoren,"Eizo FlexScan EV2780-WT","949,-","Eizo","EV2780-WT","27 inch","2560 x 1440 pixels","5 ms","None","60 Hz","IPS paneel","HDMI, DVI, DisplayPort, Hoofdtelefoon, USB-type A, USB-type C","6,1 cm x 2,45 cm x 5,45 cm","8,1 kg"
Monitoren,"Asus MX34VQ","899,-","Asus","90LM02M0-B01170","34 inch","3440 x 1440 pixels","5 ms","None","100 Hz","VA paneel","HDMI, DisplayPort","81 cm x 24 cm x 46 cm","8,4 kg"
Monitoren,"Eizo FlexScan EV2451-WT","349,-","Eizo","EV2451-WT","24 inch","1920 x 1080 pixels","5 ms","None","60 Hz","IPS paneel","HDMI, VGA, DVI, DisplayPort, USB-type A","19 cm x 53,8 cm x 32,3 cm","5,5 kg"
Monitoren,"Asus MX299Q","429,-","Asus","90LM0080-B01170","29 inch","2560 x 1080 pixels","5 ms","None","60 Hz","IPS paneel","HDMI, DVI, DisplayPort","70,02 cm x 21,51 cm x 39,1 cm","5,5 kg"
Monitoren,"iiyama ProLite TE7568MIS-B1AG","3.499,-","Iiyama","TE7568MIS-B1AG","75 inch","3840 x 2160 pixels","8 ms","None","60 Hz","IPS paneel","HDMI, VGA, DisplayPort, USB-type A","176,35 cm x 1012,65 cm x 10,05 cm","56 kg"
Monitoren,"Acer XZ271bmijpphzx","349,-","Acer","UM.HX1EE.019","27 inch","1920 x 1080 pixels","4 ms","None","144 Hz","VA paneel","HDMI, DisplayPort, Hoofdtelefoon, USB-type A","62 cm x 26,8 cm x 39,9 cm","11,4 kg"
Monitoren,"iiyama TH7067MIS-B2AG","2.849,-","Iiyama","TH7067MIS-B2AG","70 inch","1920 x 1080 pixels","5 ms","None","60 Hz","TN paneel","HDMI, VGA, DVI, Hoofdtelefoon, USB-type A","163,8 cm x 9,75 cm x 96,45 cm","50,5 kg"
Monitoren,"HP Z Display Z34c","1.109,-","HP","K1U77A4#ABB","34 inch","3440 x 1440 pixels","8 ms","None","60 Hz","VA paneel","HDMI, DisplayPort, USB-type A","95,08 cm x 19,72 cm x 47,71 cm","9,83 kg"
Monitoren,"Asus PA328Q","1.249,-","Asus","90LM00X0-B01370","32 inch","3840 x 2160 pixels","6 ms","None","60 Hz","IPS paneel","HDMI, DisplayPort, Hoofdtelefoon, USB-type A","73,44 cm x 24 cm x 61,5 cm","11,68 kg"
Monitoren,"HP EliteDisplay E271i","299,-","HP","D7Z72AT","27 inch","1920 x 1080 pixels","7 ms","None","60 Hz","IPS paneel","VGA, DVI, DisplayPort, USB-type A","64,2 cm x 27,85 cm x 53,21 cm","7,7 kg"
Monitoren,"Asus PA329Q","1.459,-","Asus","90LM02CC-B01370","32 inch","3840 x 2160 pixels","6 ms","None","60 Hz","IPS paneel","HDMI, DisplayPort, Hoofdtelefoon, USB-type A","73,44 cm x 24 cm x 61,5 cm","12,5 kg"
Monitoren,"Asus PA329Q","1.459,-","Asus","90LM02CC-B01370","32 inch","3840 x 2160 pixels","6 ms","None","60 Hz","IPS paneel","HDMI, DisplayPort, Hoofdtelefoon, USB-type A","73,44 cm x 24 cm x 61,5 cm","12,5 kg"
Monitoren,"Asus PA328Q","1.249,-","Asus","90LM00X0-B01370","32 inch","3840 x 2160 pixels","6 ms","None","60 Hz","IPS paneel","HDMI, DisplayPort, Hoofdtelefoon, USB-type A","73,44 cm x 24 cm x 61,5 cm","11,68 kg"
Monitoren,"HP EliteDisplay E271i","299,-","HP","D7Z72AT","27 inch","1920 x 1080 pixels","7 ms","None","60 Hz","IPS paneel","VGA, DVI, DisplayPort, USB-type A","64,2 cm x 27,85 cm x 53,21 cm","7,7 kg"
Monitoren,"LG 38UC99","1.399,-","LG","38UC99-W.AEU","38 inch","3840 x 1600 pixels","5 ms","None","75 Hz","IPS paneel","HDMI, DisplayPort, Hoofdtelefoon, USB-type A, USB-type C","89,8 cm x 32 cm x None","9,83 kg"
Monitoren,"Samsung LS24D330H","149,-","Samsung","LS24D330HSX/EN","24 inch","1920 x 1080 pixels","1 ms","None","60 Hz","TN paneel","HDMI, VGA","56,9 cm x 19,7 cm x 41,72 cm","3,15 kg"
Monitoren,"Asus PG278QR","699,-","Asus","90LM00U3-B01370","27 inch","2560 x 1440 pixels","1 ms","None","165 Hz","TN paneel","HDMI, DisplayPort","62 cm x 23,8 cm x 55,3 cm","7 kg"
Monitoren,"LG 24MB35PH","179,-","LG","24MB35PH-B.AEU","24 inch","1920 x 1080 pixels","5 ms","None","60 Hz","IPS paneel","HDMI, VGA, DVI","56,9 cm x 27,1 cm x 43,2 cm","5,5 kg"
Monitoren,"ST650K","1.789,-","BenQ","9H.F38TK.RA2","65 inch","3840 x 2160 pixels","8 ms","None","60 Hz","IPS paneel","HDMI, VGA, Hoofdtelefoon, USB-type A","146 cm x 8,8 cm x 84 cm","20 kg"
Monitoren,"Acer RT270bmid","259,-","Acer","UM.HR0EE.001","27 inch","1920 x 1080 pixels","4 ms","None","60 Hz","IPS paneel","HDMI, VGA, DVI","62,1 cm x 0,7 cm x 45,4 cm","6 kg"
Monitoren,"Eizo ColorEdge CS2730","1.059,-","Eizo","CS2730","27 inch","2560 x 1440 pixels","10 ms","None","60 Hz","IPS paneel","HDMI, DVI, DisplayPort, USB-type A","64 cm x 25 cm x 56 cm","8,98 kg"
Monitoren,"Dell Ultrasharp U3417W","969,-","Dell","U3417W","34 inch","3440 x 1440 pixels","8 ms","None","60 Hz","IPS paneel","HDMI, DisplayPort, Hoofdtelefoon, USB-type A","81,36 cm x 22,64 cm x 41,7 cm","10,4 kg"
Monitoren,"HP Envy 27s","529,-","HP","Y6K73AA#ABB","27 inch","3840 x 2160 pixels","5 ms","None","60 Hz","IPS paneel","HDMI, DisplayPort","61,35 cm x 15,5 cm x 42,92 cm","5,51 kg"
Monitoren,"Acer ET430Kbmiippx","649,-","Acer","UM.ME0EE.008","43 inch","3840 x 2160 pixels","4 ms","None","60 Hz","IPS paneel","HDMI, DisplayPort, USB-type A","65,3 cm x 24,3 cm x 96,6 cm","12,36 kg"
Monitoren,"LG 34UC79G (+ Ghost Recon: Wildlands)","599,-","LG","34UC79G-B.AEUG","34 inch","2560 x 1080 pixels","5 ms","None","144 Hz","IPS paneel","HDMI, DisplayPort, Hoofdtelefoon, USB-type A","83,05 cm x 27,97 cm x 44,95 cm","8,6 kg"
Monitoren,"LG 34UC88-B","749,-","LG","34UC88-B","34 inch","3440 x 1440 pixels","5 ms","None","75 Hz","IPS paneel","HDMI, DisplayPort, USB-type A","81,6 cm x 23,8 cm x None","8,35 kg"
Monitoren,"Eizo FORIS FS2735","1.089,-","Eizo","FS2735-BK","27 inch","2560 x 1440 pixels","1 ms","None","144 Hz","IPS paneel","HDMI, DVI, DisplayPort, Hoofdtelefoon, USB-type A","62 cm x 20 cm x 39 cm","7,1 kg"
