product_type,product_name,product_price,product_brand,product_model,product_printertype,product_tech,product_maxsize,product_maxres,product_bwspeed,product_cspeed,product_memory,product_dimensions,product_weight
Inkjetprinters,"Canon PIXMA MG5750","57,-","Canon","0557C006AA","All-in-one","Inkjet","A4","4800 x 1200","12,6 ppm","9 ppm","None","45,5 cm x 36,9 cm x 14,8 cm","6,3 kg"
Inkjetprinters,"Epson Expression Premium XP-640","99,-","Epson","C11CF50403","All-in-one","Inkjet","A4","5760 x 1440","13 ppm","10 ppm","None","39 cm x 34,1 cm x 13,8 cm","6,7 kg"
Labelprinters,"DYMO LabelWriter 450 Bundel","59,99","Dymo","DYM-1896042","None","None","None","300 x 300","None","None","None","12,7 cm x 18,7 cm x 13,4 cm","0,654 kg"
Inkjetprinters,"HP OfficeJet Pro 8725 e-All-in-One (M9L80A)","219,-","HP","K7S35A","All-in-one","Inkjet","A4","1200 x 1200","24 ppm","20 ppm","0,256 GB","49,95 cm x 44,97 cm x 33,91 cm","15,01 kg"
Laserprinters,"Samsung Xpress SL-M2026W","68,99","Samsung","SL-M2026W/SEE","Alléén printen","Laser","A4","1200 x 1200","20 ppm","None","None","33,1 cm x 21,5 cm x 17,8 cm","4 kg"
Laserprinters,"HP Color LaserJet Pro MFP M477fdw","399,-","HP","CF379A","All-in-one","Laser","A4","600 x 600","27 ppm","27 ppm","0,256 GB","41,6 cm x 47,2 cm x 40 cm","23,2 kg"
Inkjetprinters,"Canon PIXMA MG3053 Blauw Wit","49,99","Canon","1346C066AA","All-in-one","Inkjet","A4","4800 x 600","8 ppm","4 ppm","None","42,6 cm x 30,6 cm x 14,5 cm","3,5 kg"
Inkjetprinters,"Epson EcoTank ET-2650","259,-","Epson","C11CF47402","All-in-one","Inkjet","A4","5760 x 1440","33 ppm","15 ppm","None","44,5 cm x 30,4 cm x 16,9 cm","5 kg"
Labelprinters,"DYMO LabelManager 280","59,-","Dymo","S0968920","None","None","None","None","None","None","None","10,8 cm x 20,6 cm x 4,7 cm","0,4 kg"
Inkjetprinters,"HP ENVY 4526 All-in-One","59,99","HP","K9T05B","All-in-one","Inkjet","A4","4800 x 1200","9,5 ppm","6,8 ppm","0,064 GB","44,5 cm x 36,7 cm x 12,8 cm","5,41 kg"
Inkjetprinters,"HP ENVY 5640 All-in-One","79,-","HP","B9S59A","All-in-one","Inkjet","A4","4800 x 1200","12 ppm","8 ppm","0,128 GB","45,4 cm x 41 cm x 16,1 cm","6,82 kg"
Inkjetprinters,"Epson Expression Home XP-342","49,99","Epson","C11CF31403","All-in-one","Inkjet","A4","5760 x 1440","10 ppm","4,5 ppm","None","39 cm x 30 cm x 14,6 cm","4,3 kg"
Inkjetprinters,"HP OfficeJet Pro 6970 e-All-in-One (J7K34A)","119,99","HP","T0F33A#BHC","All-in-one","Inkjet","A4","1200 x 600","20 ppm","11 ppm","1 GB","46,4 cm x 39 cm x 22,9 cm","8,1 kg"
Inkjetprinters,"Canon PIXMA MX925","119,-","Canon","6992B009","All-in-one","Inkjet","A4","9600 x 2400","12,5 ppm","10 ppm","None","49,1 cm x 39,6 cm x 23,1 cm","11,7 kg"
Laserprinters,"HP Color LaserJet Pro MFP M277dw","277,-","HP","B3Q11A","All-in-one","Laser","A4","600 x 600","18 ppm","18 ppm","0,256 GB","42 cm x 41,7 cm x 32,2 cm","16,3 kg"
Inkjetprinters,"HP OfficeJet Pro 6960 e-All-in-One (J7K33A)","109,99","HP","T0F32A#BHC","All-in-one","Inkjet","A4","1200 x 600","18 ppm","10 ppm","1 GB","46,4 cm x 39 cm x 22,9 cm","8,05 kg"
Inkjetprinters,"Canon PIXMA MG3650 Zwart","49,-","Canon","0515C006","All-in-one","Inkjet","A4","4800 x 1200","10 ppm","6 ppm","None","44,9 cm x 30,4 cm x 15,2 cm","5,4 kg"
Inkjetprinters,"HP ENVY 7640 All-in-One","139,-","HP","E4W47A","All-in-one","Inkjet","A4","4800 x 1200","14 ppm","9 ppm","0,128 GB","45,4 cm x 41 cm x 19,3 cm","7,67 kg"
Inkjetprinters,"HP OfficeJet Pro 8715 e-All-in-One (J6X76A)","169,-","HP","K7S37A#BHC","All-in-one","Inkjet","A4","1200 x 1200","22 ppm","18 ppm","0,128 GB","49,95 cm x 40,48 cm x 33,91 cm","11,54 kg"
Inkjetprinters,"Canon PIXMA iP7250","64,-","Canon","6219B006","Alléén printen","Inkjet","A4","9600 x 2400","15 ppm","10 ppm","None","45,1 cm x 36,8 cm x 12,8 cm","6,6 kg"
Inkjetprinters,"HP OfficeJet Pro 7740 All-in-One (G5J38A)","199,-","HP","G5J38A","All-in-one","Inkjet","A3","4800 x 1200","22 ppm","18 ppm","0,512 GB","58,4 cm x 46,7 cm x 38,3 cm","19,5 kg"
Inkjetprinters,"Epson Expression Premium XP-830","138,-","Epson","C11CE78402","All-in-one","Inkjet","A4","5760 x 1440","14 ppm","11 ppm","None","39 cm x 33,9 cm x 19,1 cm","6,9 kg"
Laserprinters,"Brother DCP-L2520DW","149,-","Brother","DCP-L2520DW","All-in-one","Laser","A4","2400 x 600","26 ppm","None","None","40,9 cm x 39,85 cm x 26,7 cm","11,4 kg"
Laserprinters,"Samsung Xpress SL-C480W","249,-","Samsung","SL-C480W/SEE","All-in-one","Laser","A4","2400 x 600","18 ppm","4 ppm","None","40,6 cm x 36,2 cm x 28,9 cm","12,9 kg"
Inkjetprinters,"Brother DCP-J4120DW","129,-","Brother","DCP-J4120DW","All-in-one","Inkjet","A3","6000 x 1200","20 ppm","18 ppm","0,128 GB","48 cm x 29 cm x 16,3 cm","8,1 kg"
Inkjetprinters,"Brother MFC-J5730DW","199,-","Brother","MFC-J5730DW","All-in-one","Inkjet","A3","4800 x 1200","35 ppm","27 ppm","0,256 GB","53 cm x 39,8 cm x 37,4 cm","20,6 kg"
Inkjetprinters,"Brother MFC-J4620DW","179,-","Brother","MFC-J4620DW","All-in-one","Inkjet","A3","6000 x 1200","22 ppm","20 ppm","0,128 GB","48 cm x 29 cm x 18,8 cm","6,2 kg"
Inkjetprinters,"Epson WorkForce WF-100W","199,-","Epson","C11CE05402","Alléén printen","Inkjet","A4","5760 x 1440","7 ppm","4 ppm","None","30,9 cm x 15,4 cm x 6,1 cm","1,6 kg"
Laserprinters,"HP LaserJet Pro MFP M130nw","129,99","HP","G3Q58A","All-in-one","Laser","A4","600 x 600","22 ppm","None","0,256 GB","39,8 cm x 28,8 cm x 23,11 cm","6,8 kg"
Inkjetprinters,"HP Deskjet 3638 All-in-One","49,-","HP","K4U02B","All-in-one","Inkjet","A4","4800 x 1200","8,5 ppm","6 ppm","None","43,8 cm x 31 cm x 15,8 cm","4,17 kg"
Inkjetprinters,"Canon PIXMA MG5751","69,99","Canon","0557C026AA","All-in-one","Inkjet","A4","4800 x 1200","12,6 ppm","9 ppm","None","45,5 cm x 36,9 cm x 14,8 cm","6,3 kg"
Labelprinters,"DYMO LetraTag LT-100H","29,99","Dymo","S0883980","None","None","None","160","None","None","None","9,5 cm x 21,5 cm x 6,5 cm","0,28 kg"
Laserprinters,"Samsung Xpress SL-C430W","149,-","Samsung","SL-C430W/SEE","Alléén printen","Laser","A4","2400 x 600","18 ppm","4 ppm","None","38,2 cm x 30,9 cm x 21,1 cm","9,96 kg"
Inkjetprinters,"Epson WorkForce WF-2630WF","96,99","Epson","C11CE36402","All-in-one","Inkjet","A4","1440 x 5760","9 ppm","4,7 ppm","None","38,1 cm x 35,56 cm x 20,32 cm","5,44 kg"
Inkjetprinters,"Canon PIXMA TS5050 Zwart","77,-","Canon","1367C006AA","All-in-one","Inkjet","A4","4800 x 1200","12,6 ppm","9 ppm","None","37,2 cm x 31,5 cm x 13,9 cm","5,5 kg"
Inkjetprinters,"HP OfficeJet 6950 e-All-in-One","109,-","HP","P4C85A#BHC","All-in-one","Inkjet","A4","4800 x 1200","16 ppm","9 ppm","1 GB","46,4 cm x 39 cm x 22,9 cm","7,7 kg"
Inkjetprinters,"HP OfficeJet 7612 e-All-in-One","158,99","HP","G1X85A","All-in-one","Inkjet","A3","4800 x 1200","15 ppm","8 ppm","0,256 GB","61,7 cm x 50,5 cm x 29,7 cm","17,6 kg"
Inkjetprinters,"HP OfficeJet Pro 8720 e-All-in-One (D9L19A)","199,-","HP","D9L19A#A80","All-in-one","Inkjet","A4","1200 x 1200","24 ppm","20 ppm","0,256 GB","49,95 cm x 44,97 cm x 33,91 cm","15,01 kg"
Inkjetprinters,"HP OfficeJet 7510 All-in-One","129,-","HP","G3J47A","All-in-one","Inkjet","A3","4800 x 1200","15 ppm","8 ppm","0,256 GB","61,3 cm x 48,3 cm x 36,6 cm","13,02 kg"
Inkjetprinters,"Brother DCP-J562DW","95,-","Brother","DCP-J562DW","All-in-one","Inkjet","A4","6000 x 1200","10 ppm","10 ppm","0,128 GB","40 cm x 34,1 cm x 15,5 cm","8,8 kg"
 kg"
Laserprinters,"Brother HL-L2340DW","99,-","Brother","HL-L2340DW","Alléén printen","Laser","A4","2400 x 600","26 ppm","None","None","35,6 cm x 36 cm x 18,3 cm","6,9 kg"
Laserprinters,"HP Color LaserJet Pro MFP M377dw","359,-","HP","M5H23A","All-in-one","Laser","A4","600 x 600","24 ppm","24 ppm","None","41,6 cm x 47,2 cm x 40 cm","23,2 kg"
Laserprinters,"HP Color LaserJet Pro M252dw","229,-","HP","B4A22A","Alléén printen","Laser","A4","600 x 600","18 ppm","18 ppm","None","39,2 cm x 41,2 cm x 23,62 cm","12,2 kg"
Inkjetprinters,"HP OfficeJet 5740 e-All-in-One","105,99","HP","B9S79A","All-in-one","Inkjet","A4","4800 x 1200","12 ppm","8 ppm","0,128 GB","45,2 cm x 41 cm x 19,3 cm","7,68 kg"
Inkjetprinters,"Canon PIXMA TS8050 Zwart","139,-","Canon","1369C006AA","All-in-one","Inkjet","A4","9600 x 2400","15 ppm","10 ppm","None","37,2 cm x 32,4 cm x 13,9 cm","6,5 kg"
Laserprinters,"Samsung Xpress M2070W","123,95","Samsung","SL-M2070W/SEE","All-in-one","Laser","A4","4800 x 4800","20 ppm","None","0,128 GB","40,6 cm x 36 cm x 25,3 cm","7,4 kg"
Laserprinters,"HP LaserJet Pro Color MFP M177FW","279,-","HP","CZ165A","All-in-one","Laser","A4","600 x 600","16 ppm","17 ppm","None","42,3 cm x 48,4 cm x 33,5 cm","16 kg"
Inkjetprinters,"Epson WorkForce Pro WF-3725DWF","149,-","Epson","C11CF24405","All-in-one","Inkjet","A4","4800 x 1200","20 ppm","10 ppm","None","42,5 cm x 37,8 cm x 24,9 cm","9,1 kg"
Inkjetprinters,"Epson WorkForce Pro WF-3720DWF","139,99","Epson","C11CF24402","All-in-one","Inkjet","A4","4800 x 1200","20 ppm","10 ppm","None","42,5 cm x 37,8 cm x 24,9 cm","9,1 kg"
Inkjetprinters,"HP PageWide Pro 477dw","419,-","HP","D3Q20B","All-in-one","Inkjet","A4","1200 x 1200","40 ppm","40 ppm","0,768 GB","53 cm x 40,7 cm x 46,7 cm","22,15 kg"
Inkjetprinters,"Brother MFC-J6930DW","279,-","Brother","MFC-J6930DW","All-in-one","Inkjet","A3","4800 x 1200","22 ppm","20 ppm","0,256 GB","57,5 cm x 47,7 cm x 37,5 cm","23,7 kg"
Inkjetprinters,"Epson Expression Home XP-245","49,95","Epson","C11CF32402","All-in-one","Inkjet","A4","5760 x 1440","8 ppm","4 ppm","None","39 cm x 30 cm x 14,5 cm","3,9 kg"
Inkjetprinters,"Canon PIXMA MG3051 Wit","49,-","Canon","1346C026","All-in-one","Inkjet","A4","4800 x 600","8 ppm","4 ppm","None","42,6 cm x 30,6 cm x 14,5 cm","3,5 kg"
Inkjetprinters,"Brother MFC-J4420DW","139,99","Brother","MFC-J4420DW","All-in-one","Inkjet","A3","6000 x 1200","20 ppm","18 ppm","0,128 GB","48 cm x 29 cm x 18,8 cm","9,5 kg"
Inkjetprinters,"Canon PIXMA MG6853","89,-","Canon","0519C066","All-in-one","Inkjet","A4","4800 x 1200","15 ppm","9,7 ppm","None","45,5 cm x 36,9 cm x 14,8 cm","6,4 kg"
Inkjetprinters,"Canon PIXMA TS6050 Zwart","115,-","Canon","1368C006","All-in-one","Inkjet","A4","4800 x 1200","15 ppm","10 ppm","None","37,2 cm x 31,5 cm x 13,9 cm","6,2 kg"
Inkjetprinters,"HP Deskjet 2130 All-in-One","42,99","HP","F5S40B","All-in-one","Inkjet","A4","4800 x 1200","7,5 ppm","5,5 ppm","None","42,5 cm x 30,4 cm x 14,9 cm","3,42 kg"
Inkjetprinters,"HP OfficeJet Pro 8710 e-All-in-One (D9L18A)","161,99","HP","D9L18A","All-in-one","Inkjet","A4","1200 x 1200","22 ppm","18 ppm","0,128 GB","49,95 cm x 40,48 cm x 33,91 cm","11,54 kg"
Inkjetprinters,"HP OfficeJet 7110 Breedformaat ePrinter","135,-","HP","CR768A","Alléén printen","Inkjet","A3+","1200 dpi x 4800 dpi","15 ppm","8 ppm","0,128 GB","58,5 cm x 41,9 cm x 18,9 cm","8,5 kg"
Inkjetprinters,"Epson Expression Photo XP-860","159,-","Epson","C11CD95402","All-in-one","Inkjet","A4","5760 x 1440","9,5 ppm","9 ppm","None","39 cm x 34 cm x 19 cm","9 kg"
Inkjetprinters,"Canon PIXMA MG2550s","43,99","Canon","0727C006","All-in-one","Inkjet","A4","4800 x 600","8 ppm","4 ppm","None","42,6 cm x 30,6 cm x 14,5 cm","3,5 kg"
Inkjetprinters,"Canon PIXMA iX6850","199,-","Canon","8747B006AA","Alléén printen","Inkjet","A3","9600 x 2400","14,5 ppm","10,4 ppm","None","58,4 cm x 31 cm x 15,9 cm","8,1 kg"
Inkjetprinters,"Canon PIXMA TS6051 Wit","119,-","Canon","1368C026AA","All-in-one","Inkjet","A4","4800 x 1200","15 ppm","10 ppm","None","37,2 cm x 31,5 cm x 13,9 cm","6,2 kg"
Laserprinters,"HP LaserJet Pro MFP M426fdw","379,-","HP","F6W15A","All-in-one","Laser","A4","600 x 600","38 ppm","None","None","43 cm x 39 cm x 32,5 cm","12,86 kg"
Inkjetprinters,"HP OfficeJet 250 Mobiele Printer (CZ992A)","299,-","HP","CZ992A","All-in-one","Inkjet","A4","1200 x 1200","20 ppm","19 ppm","0,256 GB","38 cm x 19,8 cm x 9,1 cm","3,06 kg"
Laserprinters,"Brother HL-1210W","68,99","Brother","HL-1210W","Alléén printen","Laser","A4","2400 x 600","20 ppm","None","None","23,8 cm x 34 cm x 18,9 cm","4,6 kg"
Laserprinters,"HP LaserJet Pro MFP M130fw","189,-","HP","G3Q60A","All-in-one","Laser","A4","600 x 600","22 ppm","None","0,256 GB","41,51 cm x 28,8 cm x 28 cm","7,6 kg"
Laserprinters,"Brother HL-L2300D","79,-","Brother","HL-L2300D","Alléén printen","Laser","A4","2400 x 600","26 ppm","None","None","35,6 cm x 36 cm x 18,3 cm","6,9 kg"
Labelprinters,"Brother PT-D210VP","29,99","Brother","PTD210VPUR1","None","None","None","9 x 12","None","None","None","15,7 cm x 14,9 cm x 6,8 cm","0,49 kg"
Laserprinters,"Brother DCP-1610W","99,99","Brother","DCP-1610W","All-in-one","Laser","A4","2400 x 600","20 ppm","None","0,032 GB","38,5 cm x 34 cm x 25,5 cm","9 kg"
Laserprinters,"HP LaserJet Pro M102w","94,99","HP","G3Q35A#B19","Alléén printen","Laser","A4","600 x 600","22 ppm","None","None","36,47 cm x 24,73 cm x 19 cm","4,7 kg"
Laserprinters,"Samsung Xpress M2835DW","151,99","Samsung","SL-M2835DW/SEE","Alléén printen","Laser","A4","4800 x 600","28 ppm","None","None","36,8 cm x 33,45 cm x 20,2 cm","7,4 kg"
Inkjetprinters,"HP OfficeJet Pro 8730 All-in-One (D9L20A)","279,-","HP","D9L20A","All-in-one","Inkjet","A4","1200 x 1200","24 ppm","20 ppm","0,512 GB","49,95 cm x 44,9 cm x 32,73 cm","15,2 kg"
Labelprinters,"Brother QL-810W","112,88","Brother","QL810WUA1","None","None","None","300 x 600","None","None","None","12,6 cm x 23,4 cm x 14,5 cm","1,12 kg"
Laserprinters,"Samsung Xpress SL-C430","129,-","Samsung","SL-C430/SEE","Alléén printen","Laser","A4","None","18 ppm","4 ppm","None","38,2 cm x 30,9 cm x 21,1 cm","9,96 kg"
Inkjetprinters,"Brother MFC-J480DW","94,99","Brother","MFC-J480DW","All-in-one","Inkjet","A4","6000 x 1200","12 ppm","10 ppm","0,128 GB","40 cm x 34,1 cm x 17,2 cm","10,1 kg"
Inkjetprinters,"Epson Expression Photo XP-760","123,95","Epson","C11CD96402","All-in-one","Inkjet","A4","5760 x 1440","9,5 ppm","9 ppm","None","39 cm x 34,1 cm x 14,1 cm","7 kg"
Laserprinters,"HP LaserJet Pro M203dw","179,-","HP","G3Q47A","Alléén printen","Laser","A4","1200 x 1200","28 ppm","None","None","37,1 cm x 40,7 cm x 22,4 cm","6,9 kg"
Laserprinters,"HP Color LaserJet Enterprise M553N","399,-","HP","B5L24A","Alléén printen","Laser","A4","1200 x 1200","38 ppm","38 ppm","None","45,8 cm x 47,9 cm x 39,9 cm","27 kg"
Inkjetprinters,"Canon MAXIFY MB5150","169,99","Canon","0960C030","All-in-one","Inkjet","A4","1200 x 600","24 ppm","15 ppm","None","46,3 cm x 39,4 cm x 29,1 cm","11,4 kg"
Inkjetprinters,"Epson Expression Premium XP-645","96,99","Epson","C11CF50404","All-in-one","Inkjet","A4","5760 x 1440","13 ppm","10 ppm","None","39 cm x 34,1 cm x 13,8 cm","6,7 kg"
Labelprinters,"DYMO LabelManager 160","33,99","Dymo","S0946310","None","None","None","None","None","None","None","11,8 cm x 20,3 cm x 4,9 cm","0,35 kg"
Laserprinters,"HP LaserJet Pro M102a","89,-","HP","G3Q34A","Alléén printen","Laser","A4","600 x 600","22 ppm","None","None","36,47 cm x 24,73 cm x 19 cm","4,7 kg"
Labelprinters,"DYMO LetraTag LT-100T (QWERTY)","31,99","Dymo","S0758380","None","None","None","160","None","None","None","22 cm x 8,3 cm x 4,8 cm","0,229 kg"
Inkjetprinters,"Epson EcoTank ET-2600","269,-","Epson","C11CF46402","All-in-one","Inkjet","A4","5760 x 1440","33 ppm","15 ppm","None","44,5 cm x 30,4 cm x 16,9 cm","4,6 kg"
Inkjetprinters,"Brother MFC-J5330DW","159,-","Brother","MFC-J5330DW","All-in-one","Inkjet","A3","4800 x 1200","35 ppm","27 ppm","0,128 GB","53 cm x 39,8 cm x 30,4 cm","16,9 kg"
Inkjetprinters,"Epson Expression Premium XP-900","148,-","Epson","C11CF54402","All-in-one","Inkjet","A3","5760 x 1440","14 ppm","11 ppm","None","47,9 cm x 35,6 cm x 14,8 cm","8,3 kg"
Laserprinters,"HP LaserJet Pro MFP M426dw","329,-","HP","F6W13A","All-in-one","Laser","A4","600 x 600","40 ppm","None","None","42 cm x 39 cm x 45,2 cm","12,86 kg"
Inkjetprinters,"Epson EcoTank ET-3600","419,-","Epson","C11CF73401","All-in-one","Inkjet","A4","4800 x 1200","13,7 ppm","7,3 ppm","None","48,9 cm x 30 cm x 16,9 cm","4,7 kg"
Laserprinters,"HP LaserJet Pro M501dn","439,-","HP","J8H61A","Alléén printen","Laser","A4","4800 x 600","43 ppm","None","None","41,8 cm x 37,6 cm x 28,9 cm","11,6 kg"
Laserprinters,"HP Color LaserJet Pro MFP M477fnw","359,-","HP","CF377A","All-in-one","Laser","A4","600 x 600","27 ppm","27 ppm","None","41,6 cm x 46,1 cm x 40 cm","21,8 kg"
Laserprinters,"Brother HL-3140CW","159,-","Brother","HL-3140CW","Alléén printen","LED-technologie","A4","2400 x 600","18 ppm","18 ppm","None","41 cm x 46,5 cm x 24 cm","17,4 kg"
Inkjetprinters,"HP OfficeJet 4656 All-in-One","97,99","HP","K9V81B","All-in-one","Inkjet","A4","4800 x 1200","9,5 ppm","6,8 ppm","0,064 GB","44,5 cm x 36,9 cm x 19,8 cm","6,55 kg"
Inkjetprinters,"HP ENVY 4528 All-in-One","69,-","HP","K9T07B","All-in-one","Inkjet","A4","None","9,5 ppm","6,8 ppm","0,064 GB","44,5 cm x 36,7 cm x 12,8 cm","5,41 kg"
Inkjetprinters,"HP OfficeJet Pro 8740 All-in-One (D9L21A)","309,-","HP","D9L21A#620","All-in-one","Inkjet","A4","1200 x 1200","24 ppm","20 ppm","0,512 GB","49,95 cm x 43,9 cm x 41 cm","18,46 kg"
Inkjetprinters,"HP OfficeJet 200 Mobiele Printer (CZ993A)","239,-","HP","CZ993A","Alléén printen","Inkjet","A4","1200 x 1200","10 ppm","7 ppm","0,128 GB","36,4 cm x 18,6 cm x 6,9 cm","2,2 kg"
Labelprinters,"Brother QL-820NWB","165,99","Brother","QL820NWBUA1","None","None","None","300 x 600","None","None","None","12,6 cm x 23,4 cm x 14,5 cm","1,16 kg"
Inkjetprinters,"HP OfficeJet Pro 8210 (D9L63A)","105,-","HP","D9L63A","Alléén printen","Inkjet","A4","1200 x 1200","22 ppm","18 ppm","None","49,6 cm x 42 cm x 20,3 cm","8,62 kg"
Inkjetprinters,"Canon MAXIFY MB2750","139,-","Canon","0958C030","All-in-one","Inkjet","A4","1200 x 600","24 ppm","15,5 ppm","None","46,3 cm x 38,9 cm x 32 cm","12,1 kg"
Laserprinters,"Brother MFC-9340CDW","499,-","Brother","MFC-9340CDW","All-in-one","LED-technologie","A4","2400 x 600","22 ppm","22 ppm","None","41 cm x 48,3 cm x 41 cm","23,5 kg"
Laserprinters,"Samsung Xpress M2885FW","249,-","Samsung","SL-M2885FW/SEE","All-in-one","Laser","A4","4800 x 600","28 ppm","None","None","40,1 cm x 36,2 cm x 36,7 cm","11,3 kg"
Inkjetprinters,"HP PageWide 377dw MFP (J9V80B)","349,-","HP","J9V80B","All-in-one","Inkjet","A4","1200 x 1200","30 ppm","30 ppm","0,768 GB","53 cm x 40,7 cm x 46,7 cm","22,15 kg"
Laserprinters,"Brother MFC-L2720DW","219,-","Brother","MFC-L2720DW","All-in-one","Laser","A4","2400 x 600","30 ppm","None","None","40,9 cm x 39,9 cm x 31,6 cm","11,6 kg"
Labelprinters,"Brother QL-700","74,-","Brother","QL-700","None","None","None","300 x 300","None","None","None","12,8 cm x 22,1 cm x 15,3 cm","1,12 kg"
Labelprinters,"DYMO LabelWriter 450","94,99","Dymo","S0838770","None","None","None","600 x 300","None","None","None","12,7 cm x 18,7 cm x 13,4 cm","0,654 kg"
Inkjetprinters,"Canon PIXMA iP110 incl. accu","319,-","Canon","9596B029","Alléén printen","Inkjet","A4","9600 x 2400","9 ppm","5,8 ppm","None","32,2 cm x 18,5 cm x 6,2 cm","2 kg"
Labelprinters,"DYMO LabelWriter 4XL","239,-","Dymo","S0904950","None","None","None","300","None","None","None","17,8 cm x 18,7 cm x 13,4 cm","0,89 kg"
Laserprinters,"HP LaserJet Pro M402dw","249,-","HP","C5F95A","Alléén printen","Laser","A4","1200 x 1200","38 ppm","None","0,128 GB","38,1 cm x 35,7 cm x 21,6 cm","8,58 kg"
Laserprinters,"Brother HL-1110","67,99","Brother","HL-1110","Alléén printen","Laser","A4","2400 x 600","20 ppm","None","None","34 cm x 23,8 cm x 18,9 cm","4,5 kg"
Inkjetprinters,"Epson Expression Home XP-442","78,95","Epson","C11CF30403","All-in-one","Inkjet","A4","None","10 ppm","4,5 ppm","None","39 cm x 30 cm x 14,6 cm","4,3 kg"
Inkjetprinters,"Epson WorkForce Pro WF-5690DWF","289,-","Epson","C11CD14301","All-in-one","Inkjet","A4","4800 x 1200","20 ppm","20 ppm","None","46,1 cm x 44,2 cm x 34,2 cm","14,3 kg"
Inkjetprinters,"Epson Expression Photo XP-55","156,99","Epson","C11CD36402","Alléén printen","Inkjet","A4","1400 x 5760","9,5 ppm","9 ppm","None","39 cm x 33,8 cm x 14,1 cm","5 kg"
Laserprinters,"HP Color LaserJet Enterprise M553X","909,-","HP","B5L26A","Alléén printen","Laser","A4","1200 x 1200","38 ppm","38 ppm","None","45,8 cm x 47,9 cm x 58,1 cm","33,4 kg"
Laserprinters,"HP Color LaserJet Pro MFP M477fdn","419,-","HP","CF378A","All-in-one","Laser","A4","600 x 600","27 ppm","27 ppm","None","41,6 cm x 47,2 cm x 40 cm","23,2 kg"
Laserprinters,"Brother MFC-9330CDW","389,-","Brother","MFC-9330CDW","All-in-one","LED-technologie","A4","2400 x 600","22 ppm","22 ppm","None","41 cm x 48,3 cm x 41 cm","23,4 kg"
Labelprinters,"DYMO LabelWriter 450 Turbo","125,-","Dymo","S0838820","None","None","None","600 x 300","None","None","None","12,7 cm x 18,7 cm x 13,4 cm","0,654 kg"
Laserprinters,"Brother HL-L2365DW","143,99","Brother","HL-L2365DW","Alléén printen","Laser","A4","2400 x 600","30 ppm","None","None","35,6 cm x 36 cm x 18,3 cm","6,9 kg"
Laserprinters,"Xerox Versalink C405V_DN","1.039,-","Xerox","C405V_DN","All-in-one","Laser","A4","600 x 600","35 ppm","35 ppm","2 GB","4,32 cm x 5,4 cm x 5,99 cm","33 kg"
Laserprinters,"HP LaserJet Pro 500 Color MFP M570DN","849,-","HP","CZ271A","All-in-one","Laser","A4","600 x 600","30 ppm","30 ppm","0,256 GB","51,5 cm x 50 cm x 53,8 cm","40,8 kg"
Inkjetprinters,"HP OfficeJet 3833 All-in-One","71,-","HP","F5S03B","All-in-one","Inkjet","A4","600 x 300","8,5 ppm","6 ppm","None","45 cm x 36,4 cm x 22,44 cm","5,61 kg"
Inkjetprinters,"Epson WorkForce Pro WF-5110DW","168,99","Epson","C11CD12301","Alléén printen","Inkjet","A4","4800 x 1200","20 ppm","20 ppm","None","46,1 cm x 44,2 cm x 28,4 cm","11,3 kg"
Laserprinters,"Samsung Xpress M2875ND","184,99","Samsung","SL-M2875ND/SEE","All-in-one","Laser","A4","600 dpi x 4800 dpi","28 ppm","None","None","40,1 cm x 36,7 cm x 36,2 cm","11,3 kg"
Laserprinters,"HP LaserJet Pro MFP M227fdw","289,-","HP","G3Q75A","All-in-one","Laser","A4","1200 x 1200","28 ppm","None","0,256 GB","40,3 cm x 40,7 cm x 31,2 cm","9,4 kg"
Inkjetprinters,"Brother MFC-J6935DW","439,-","Brother","MFC-J6935DW","All-in-one","Inkjet","A3","4800 x 1200","22 ppm","20 ppm","0,512 GB","57,5 cm x 47,7 cm x 37,5 cm","23,7 kg"
Laserprinters,"Canon i-SENSYS LBP6230DW","119,99","Canon","9143B003","Alléén printen","Laser","A4","600 x 600","25 ppm","None","None","37,9 cm x 29,3 cm x 24,3 cm","7 kg"
Inkjetprinters,"Canon MAXIFY MB5450","229,-","Canon","0971C030","All-in-one","Inkjet","A4","1200 x 600","24 ppm","15 ppm","None","46,3 cm x 39,4 cm x 29,1 cm","11,4 kg"
Laserprinters,"Xerox WorkCentre 3345","329,-","Xerox","3345V_DNI","All-in-one","LED-technologie","A4","600 x 600","40 ppm","None","None","46,9 cm x 44,4 cm x 48,3 cm","17,3 kg"
Laserprinters,"HP Color LaserJet Pro M452nw","249,-","HP","CF388A","Alléén printen","Laser","A4","600 x 600","27 ppm","27 ppm","None","41,2 cm x 45,3 cm x 29,5 cm","17,5 kg"
Laserprinters,"HP Color LaserJet Pro MFP M274n","279,-","HP","M6D61A","All-in-one","Laser","A4","600 x 600","18 ppm","18 ppm","None","42 cm x 38,4 cm x 32,2 cm","17,5 kg"
Laserprinters,"HP LaserJet Pro 500 MFP M521DN","659,-","HP","A8P79A","All-in-one","Laser","A4","1200 x 1200","40 ppm","None","0,256 GB","46,5 cm x 46,5 cm x 50,8 cm","22,3 kg"
Laserprinters,"Ricoh SP C340DN","279,-","Ricoh Nederland B.V.","916916","Alléén printen","Laser","A4","1200 x 1200","25 ppm","25 ppm","None","40 cm x 48 cm x 39 cm","29 kg"
Laserprinters,"Samsung Xpress SL-C480FN","299,-","Samsung","SL-C480FN/SEE","All-in-one","Laser","A4","None","4 ppm","18 ppm","None","40,6 cm x 36,2 cm x 28,9 cm","12,9 kg"
Inkjetprinters,"HP OfficeJet Pro 7720 All-in-one","169,99","HP","Y0S18A","All-in-one","Inkjet","A3","4800 x 1200","22 ppm","18 ppm","0,512 GB","58,49 cm x 44,48 cm x 30,64 cm","19,5 kg"
Laserprinters,"HP LaserJet Enterprise M506x","619,-","HP","F2A70A","Alléén printen","Laser","A4","1200 x 1200","43 ppm","None","None","41,8 cm x 37,6 cm x 48,1 cm","15,8 kg"
Laserprinters,"Brother HL-1212W","79,-","Brother","HL-1212W","Alléén printen","Laser","A4","2400 x 600","20 ppm","None","None","23,8 cm x 34 cm x 18,9 cm","4,6 kg"
Inkjetprinters,"HP OfficeJet Pro 7730 All-in-one","189,99","HP","Y0S19A","All-in-one","Inkjet","A3","4800 x 1200","22 ppm","18 ppm","0,512 GB","58,49 cm x 44,48 cm x 30,64 cm","19,5 kg"
Laserprinters,"Brother MFC-L2740DW","289,-","Brother","MFC-L2740DW","All-in-one","Laser","A4","2400 x 600","30 ppm","None","None","40,9 cm x 39,9 cm x 31,6 cm","11,8 kg"
Inkjetprinters,"Brother MFC-J985DW","230,99","Brother","MFCJ985DWH1","All-in-one","Inkjet","A4","6000 x 1200","27 ppm","23 ppm","0,128 GB","41,9 cm x 34 cm x 17,3 cm","10,5 kg"
Laserprinters,"Brother DCP-L2500D","119,-","Brother","DCP-L2500D","All-in-one","Laser","A4","2400 x 600","26 ppm","None","0,032 GB","40,9 cm x 39,9 cm x 26,8 cm","15 kg"
Inkjetprinters,"Epson WorkForce Pro WF-4720DWF","199,-","Epson","C11CF74402","All-in-one","Inkjet","A4","4800 x 1200","20 ppm","20 ppm","None","42,5 cm x 37,8 cm x 24,9 cm","9,1 kg"
Inkjetprinters,"HP ENVY Photo 7830 All-in-One","149,99","HP","Y0G50B","All-in-one","Inkjet","A4","4800 x 1200","15 ppm","10 ppm","0,256 GB","45,35 cm x 41 cm x 19,32 cm","7,6 kg"
Laserprinters,"HP Color LaserJet Enterprise CP4025dn","599,-","HP","CC490A#B19","Alléén printen","Laser","A4","1200 x 1200","35 ppm","35 ppm","0,512 GB","54 cm x 52,2 cm x 42 cm","38,5 kg"
Labelprinters,"Brother PT-D450VP","71,99","Brother","PTD450VPUR1","None","None","None","180 x 180","None","None","None","18,8 cm x 17,7 cm x 7,2 cm","0,74 kg"
Laserprinters,"Brother HL-L9310CDW","629,-","Brother","HL-L9310CDW","Alléén printen","Laser","A4","2400 x 600","31 ppm","31 ppm","1 GB","48,6 cm x 31,3 cm x 44,1 cm","22,2 kg"
Laserprinters,"HP LaserJet Enterprise M607DN","699,-","HP","K0Q15A","Alléén printen","Laser","A4","1200 x 1200","52 ppm","None","0,512 GB","43,1 cm x 46,6 cm x 38 cm","21,6 kg"
Laserprinters,"HP LaserJet Enterprise M609DN","1.159,-","HP","K0Q21A","Alléén printen","Laser","A4","1200 x 1200","75 ppm","None","512 GB","43,1 cm x 46,6 cm x 38 cm","21,6 kg"
Laserprinters,"HP LaserJet Enterprise M608DN","939,-","HP","K0Q18A","Alléén printen","Laser","A4","1200 x 1200","61 ppm","None","512 GB","43,1 cm x 46,6 cm x 38 cm","21,6 kg"
Inkjetprinters,"Epson WorkForce Pro WF-8590 DWF","1.399,-","Epson","C11CD45301","All-in-one","Inkjet","A3+","None","24 ppm","24 ppm","None","59 cm x 57 cm x 46,4 cm","34,3 kg"
Laserprinters,"HP LaserJet Enterprise M608N","779,-","HP","K0Q17A","Alléén printen","Laser","A4","1200 x 1200","61 ppm","None","512 GB","43,1 cm x 46,6 cm x 38 cm","21,6 kg"
3D-printers,"Zortrax M200","2.099,-","Zortrax","M200","None","None","None","None","None","None","None","34,5 cm x 36 cm x 43 cm","16 kg"
Laserprinters,"HP LaserJet Pro MFP M130fn","173,99","HP","G3Q59A","All-in-one","Laser","A4","600 x 600","22 ppm","None","0,256 GB","41,51 cm x 28,8 cm x 28 cm","7,6 kg"
Laserprinters,"Brother HL-L6300DW","449,-","Brother","HL-L6300DW","Alléén printen","Laser","A4","1200 x 1200","46 ppm","None","None","39,6 cm x 40 cm x 28,8 cm","13,2 kg"
3D-printers,"BCN3D Sigma R17","2.659,-","BCN3D","10999","None","None","None","None","None","None","None","4,65 cm x 4,4 cm x 6,8 cm","13,6 kg"
Laserprinters,"Xerox Versalink C400V_DN","449,-","Xerox","C400V_DN","Alléén printen","Laser","A4","600 x 600","35 ppm","35 ppm","2 GB","49,1 cm x 48,8 cm x 39,9 cm","26 kg"
Laserprinters,"Ricoh SP 3610SF","489,-","Ricoh Nederland B.V.","906521","All-in-one","LED-technologie","A4","1200 x 1200","30 ppm","None","None","40 cm x 39,2 cm x 40,6 cm","19 kg"
Laserprinters,"Xerox Versalink C400V_N","359,-","Xerox","C400V_N","Alléén printen","Laser","A4","600 x 600","35 ppm","35 ppm","2 GB","4,91 cm x 4,88 cm x 3,99 cm","26 kg"
Inkjetprinters,"Epson SureColor SC-P400","549,-","Epson","C11CE85301","Alléén printen","Inkjet","A3+","5760 x 1440","9 ppm","5 ppm","None","62,2 cm x 32,4 cm x 21,9 cm","12,3 kg"
Laserprinters,"Ricoh SP C240DN","131,-","Ricoh Nederland B.V.","973797","Alléén printen","Laser","A4","600 x 600","16 ppm","16 ppm","None","40 cm x 45 cm x 32 cm","23,8 kg"
Laserprinters,"Samsung Pro Xpress M3875FD","369,-","Samsung","SL-M3875FD/SEE","All-in-one","Laser","A4","1200 x 1200","38 ppm","None","0,256 GB","41,4 cm x 44,2 cm x 42 cm","15,15 kg"
Laserprinters,"Brother HL-L6300DWT","599,-","Brother","HL-L6300DWT","Alléén printen","Laser","A4","1200 x 1200","46 ppm","None","None","39,6 cm x 40 cm x 28,8 cm","17,1 kg"
Inkjetprinters,"HP PageWide 352dw (J6U57B)","279,-","HP","J6U57B","Alléén printen","Inkjet","A4","1200 x 1200","30 ppm","30 ppm","0,512 GB","53 cm x 40,7 cm x 37,9 cm","16,38 kg"
Laserprinters,"Samsung Pro Xpress SL-M3825DW","259,-","Samsung","SL-M3825DW/SEE","Alléén printen","Laser","A4","None","38 ppm","None","None","36,6 cm x 36,56 cm x 26,25 cm","10,18 kg"
Laserprinters,"HP LaserJet Enterprise M604dn","549,-","HP","E6B68A","Alléén printen","Laser","A4","1200 x 1200","50 ppm","None","None","42,5 cm x 53,7 cm x 39,9 cm","25,9 kg"
Laserprinters,"Lexmark CS317DN","119,99","Lexmark","28CC070","Alléén printen","Laser","A4","1200 x 1200","23 ppm","23 ppm","None","44,2 cm x 40,7 cm x 29,1 cm","20,3 kg"
Labelprinters,"Brother PT-P700","62,48","Brother","BRO-PT-P700","None","None","None","180 dpi","None","None","None","7,8 cm x 15,2 cm x 14,3 cm","0,71 kg"
Laserprinters,"Samsung ProXpress M3325ND","249,-","Samsung","SL-M3325ND/SEE","Alléén printen","Laser","A4","1200 dpi x 1200 dpi","33 ppm","None","None","36,6 cm x 36,6 cm x 26,3 cm","9,86 kg"
Laserprinters,"Epson WorkForce AL-M300DN","109,-","Epson","C11CC64011","Alléén printen","Laser","A4","1200 x 1200","35 ppm","None","0,128 GB","39,3 cm x 42,6 cm x 27,7 cm","12 kg"
Laserprinters,"Lexmark CS417DN","163,99","Lexmark","28DC070","Alléén printen","Laser","A4","2400 x 600","30 ppm","30 ppm","256 GB","44,2 cm x 40,7 cm x 29,1 cm","20,5 kg"
Inkjetprinters,"HP OfficeJet 4658 All-in-One","109,-","HP","V6D30B","All-in-one","Inkjet","A4","600 x 300","9,5 ppm","6,8 ppm","0,064 GB","56,4 cm x 44,5 cm x 19,8 cm","6,55 kg"
Laserprinters,"HP LaserJet Enterprise M604dn","549,-","HP","E6B68A","Alléén printen","Laser","A4","1200 x 1200","50 ppm","None","None","42,5 cm x 53,7 cm x 39,9 cm","25,9 kg"
Laserprinters,"Lexmark CS827DE","569,-","Lexmark","21KC230","Alléén printen","Laser","A4","2400 x 600","57 ppm","57 ppm","1024 GB","55,9 cm x 52,2 cm x 53,6 cm","62,3 kg"
Laserprinters,"Lexmark CS727DE","279,-","Lexmark","40CC136","Alléén printen","Laser","A4","2400 x 600","38 ppm","38 ppm","None","44,2 cm x 40,7 cm x 29,1 cm","20,3 kg"
Laserprinters,"Lexmark CS517DE","249,-","Lexmark","28EC070","Alléén printen","Laser","A4","2400 x 600","30 ppm","30 ppm","0,512 GB","44,2 cm x 40,7 cm x 30,6 cm","20,9 kg"
Laserprinters,"Lexmark CX727DE","939,-","Lexmark","40CC554","All-in-one","Laser","A4","2400 x 600","47 ppm","47 ppm","None","50,5 cm x 53,3 cm x 64,8 cm","44,9 kg"
Laserprinters,"Samsung ProXpress M3325ND","249,-","Samsung","SL-M3325ND/SEE","Alléén printen","Laser","A4","1200 dpi x 1200 dpi","33 ppm","None","None","36,6 cm x 36,6 cm x 26,3 cm","9,86 kg"
Laserprinters,"Lexmark CS728DE","429,-","Lexmark","40CC036","Alléén printen","Laser","A4","2400 x 600","47 ppm","47 ppm","1024 GB","47,5 cm x 49,9 cm x 41,7 cm","36,3 kg"
Laserprinters,"Lexmark CS317DN","119,99","Lexmark","28CC070","Alléén printen","Laser","A4","1200 x 1200","23 ppm","23 ppm","None","44,2 cm x 40,7 cm x 29,1 cm","20,3 kg"
Laserprinters,"Epson WorkForce AL-M300DN","109,-","Epson","C11CC64011","Alléén printen","Laser","A4","1200 x 1200","35 ppm","None","0,128 GB","39,3 cm x 42,6 cm x 27,7 cm","12 kg"
Laserprinters,"Lexmark MS517DN","219,-","Lexmark","35SC380","Alléén printen","Laser","A4","1200 x 1200","42 ppm","None","0,256 GB","39,9 cm x 38,2 cm x 26,3 cm","15 kg"
Laserprinters,"Lexmark MS617DN","269,-","Lexmark","35SC480","Alléén printen","Laser","A4","1200 x 1200","47 ppm","None","0,256 GB","3,99 cm x 3,82 cm x 30,6 cm","15,7 kg"
Laserprinters,"Lexmark MX517DE","389,-","Lexmark","35SC748","All-in-one","Laser","A4","1200 x 1200","42 ppm","None","512 GB","48,9 cm x 45,2 cm x 50,2 cm","21,8 kg"
Laserprinters,"Lexmark MX617DE","519,-","Lexmark","35SC750","All-in-one","Laser","A4","1200 x 1200","47 ppm","None","1024 GB","48,9 cm x 47,9 cm x 56,1 cm","23,6 kg"
Labelprinters,"DYMO LabelManager 360D (QWERTY)","88,99","Dymo","S0879470","None","None","None","None","None","None","None","19,7 cm x 15 cm x 7,1 cm","0,621 kg"
Labelprinters,"Brother PT-P700","62,48","Brother","BRO-PT-P700","None","None","None","180 dpi","None","None","None","7,8 cm x 15,2 cm x 14,3 cm","0,71 kg"
Inkjetprinters,"HP PageWide Enterprise Color MFP 586dn","1.629,-","HP","G1W39A","All-in-one","Inkjet","A4","1200 x 1200","50 ppm","50 ppm","2,048 GB","53 cm x 56,4 cm x 52,9 cm","32,3 kg"
Laserprinters,"HP LaserJet Enterprise M605dn","659,-","HP","E6B70A","Alléén printen","Laser","A4","1200 x 1200","55 ppm","None","None","42,5 cm x 53,7 cm x 39,9 cm","25,9 kg"
Laserprinters,"HP LaserJet Enterprise M605x","1.029,-","HP","E6B71A","Alléén printen","Laser","A4","1200 x 1200","55 ppm","None","None","42,5 cm x 53,7 cm x 52,1 cm","None"
Inkjetprinters,"HP PageWide Enterprise Color MFP 586z","1.999,-","HP","G1W41A","All-in-one","Inkjet","A4","1200 x 1200","50 ppm","50 ppm","2,048 GB","53 cm x 56,4 cm x 52,9 cm","32,3 kg"
Inkjetprinters,"Epson WorkForce Pro WF-8590 DTWF","1.689,-","Epson","C11CD45301BT","All-in-one","Inkjet","A3+","4800 x 1200","24 ppm","24 ppm","None","59 cm x 57 cm x 58,9 cm","46,4 kg"
Inkjetprinters,"HP Designjet T520 24 inch","1.529,-","HP","CQ890A","Alléén printen","Inkjet","A1","2400 x 1200","1 ppm","1 ppm","1,024 GB","98,7 cm x 53 cm x 93,2 cm","34 kg"
Inkjetprinters,"HP Designjet T730 36 inch","2.839,-","HP","F9A29A","Alléén printen","Inkjet","A0","2400 x 1200","2,4 ppm","2,4 ppm","1 GB","140,3 cm x 58,3 cm x 115,5 cm","48 kg"
Labelprinters,"Brother PT-P750W","119,99","Brother","PTP750WUA1","None","None","None","180","None","None","None","7,8 cm x 15,2 cm x 14,3 cm","0,8 kg"
Laserprinters,"Lexmark CX517DE","489,-","Lexmark","28EC511","All-in-one","Laser","A4","2400 x 600","30 ppm","30 ppm","1024 GB","44,4 cm x 58,9 cm x 47 cm","28,2 kg"
Laserprinters,"Brother MFC-L8690CDW","559,-","Brother","MFC-L8690CDW","All-in-one","Laser","A4","2400 x 600","31 ppm","31 ppm","0,512 GB","43,5 cm x 52,6 cm x 53,9 cm","27,9 kg"
Laserprinters,"HP LaserJet Pro MFP M130a","129,-","HP","G3Q57A","All-in-one","Laser","A4","600 x 600","22 ppm","None","0,128 GB","39,8 cm x 28,8 cm x 23,11 cm","6,8 kg"
Laserprinters,"Canon i-SENSYS LBP151dw","171,99","Canon","0568C001","Alléén printen","Laser","A4","600 x 600","27 ppm","None","None","36,5 cm x 39 cm x 24,5 cm","8,6 kg"
Laserprinters,"Xerox WorkCentre 6515N","359,-","Xerox","6515V_N","All-in-one","LED-technologie","A4","2400 x 1200","28 ppm","28 ppm","None","50,6 cm x 42 cm x 50 cm","36,2 kg"
Inkjetprinters,"HP PageWide Pro 452dwt (W2Z52B)","459,-","HP","W2Z52B","Alléén printen","Inkjet","A4","1200 x 1200","40 ppm","40 ppm","0,512 GB","53 cm x 40,7 cm x 53,9 cm","21,48 kg"
Laserprinters,"Canon i-SENSYS LBP7100CN","175,99","Canon","6293B004","Alléén printen","Laser","A4","1200 x 1200","14 ppm","14 ppm","None","40,6 cm x 25,5 cm x 45,4 cm","16,6 kg"
Laserprinters,"Brother HL-L5100DNT","299,-","Brother","HL-L5100DNT","Alléén printen","Laser","A4","1200 x 1200","40 ppm","None","None","37,3 cm x 38,8 cm x 38,7 cm","14,6 kg"
Laserprinters,"Brother DCP-L2540DN","163,99","Brother","DCP-L2540DN","All-in-one","Laser","A4","2400 x 600","30 ppm","None","None","40,9 cm x 39,9 cm x 31,6 cm","11,2 kg"
Laserprinters,"Samsung Xpress SL-C480","259,-","Samsung","SL-C480/SEE","All-in-one","Laser","A4","2400 x 600","18 ppm","4 ppm","None","40,6 cm x 36,2 cm x 28,9 cm","12,9 kg"
Inkjetprinters,"HP Designjet T730 36 inch","2.839,-","HP","F9A29A","Alléén printen","Inkjet","A0","2400 x 1200","2,4 ppm","2,4 ppm","1 GB","140,3 cm x 58,3 cm x 115,5 cm","48 kg"
Laserprinters,"Canon I-SENSYS LBP7018C","129,-","Canon","4896B004","Alléén printen","Laser","A4","None","16 ppm","4 ppm","None","40 cm x 39,8 cm x 22,3 cm","12,3 kg"
Laserprinters,"Brother MFC-L5750DW","499,-","Brother","MFC-L5750DW","All-in-one","Laser","A4","1200 x 1200","40 ppm","None","None","54,5 cm x 52 cm x 64,1 cm","16,5 kg"
Inkjetprinters,"HP PageWide Enterprise Color MFP 586dn","1.629,-","HP","G1W39A","All-in-one","Inkjet","A4","1200 x 1200","50 ppm","50 ppm","2,048 GB","53 cm x 56,4 cm x 52,9 cm","32,3 kg"
Inkjetprinters,"HP PageWide Enterprise Color MFP 586z","1.999,-","HP","G1W41A","All-in-one","Inkjet","A4","1200 x 1200","50 ppm","50 ppm","2,048 GB","53 cm x 56,4 cm x 52,9 cm","32,3 kg"
Laserprinters,"HP LaserJet Pro MFP M521DW","709,-","HP","A8P80A","All-in-one","Laser","A4","1200 x 1200","40 ppm","None","0,256 GB","46,5 cm x 46,5 cm x 50,8 cm","22,4 kg"
3D-printers,"Ultimaker 3 Extended","4.469,-","Ultimaker","9675","None","None","None","None","None","None","None","49,3 cm x 33,8 cm x 68,8 cm","11,3 kg"
Labelprinters,"DYMO Mobile Labeler","99,99","Dymo","1978243","None","None","None","300 x 300","None","None","None","None x None x None","None"
Inkjetprinters,"Epson SureColor SC-P800","1.139,-","Epson","C11CE22301BX","Alléén printen","Inkjet","A2+","2880 x 1440","6 ppm","5 ppm","None","68,4 cm x 37,6 cm x 25 cm","26,4 kg"
Laserprinters,"Brother DCP-9015CDW","279,-","Brother","DCP9015CDWRF1","All-in-one","LED-technologie","A4","600 x 2400","18 ppm","18 ppm","0,192 GB","48,3 cm x 41 cm x 36,7 cm","26,4 kg"
Laserprinters,"Samsung CLP-680ND","279,-","Samsung","CLP-680ND/SEE","Alléén printen","Laser","A4","9600 x 600","24 ppm","25 ppm","None","42 cm x 45,25 cm x 31,13 cm","20,15 kg"
Laserprinters,"Brother HL-L5200DW","289,-","Brother","HLL5200DWRF1","Alléén printen","Laser","A4","1200 x 1200","40 ppm","None","None","37,3 cm x 38,8 cm x 25,5 cm","10,7 kg"
3D-printers,"Ultimaker 3","3.599,-","Ultimaker","9670","None","None","None","None","None","None","None","49,3 cm x 33,8 cm x 58,8 cm","10,6 kg"
Laserprinters,"Canon i-SENSYS LBP151dw","171,99","Canon","0568C001","Alléén printen","Laser","A4","600 x 600","27 ppm","None","None","36,5 cm x 39 cm x 24,5 cm","8,6 kg"
Labelprinters,"DYMO LabelManager 420P","101,99","Dymo","S0915440","None","None","None","180 x 180","None","None","None","11,1 cm x 21,5 cm x 5,7 cm","0,5 kg"
Laserprinters,"Brother MFC-L8690CDW","559,-","Brother","MFC-L8690CDW","All-in-one","Laser","A4","2400 x 600","31 ppm","31 ppm","0,512 GB","43,5 cm x 52,6 cm x 53,9 cm","27,9 kg"
Laserprinters,"Canon i-SENSYS LBP7100CN","175,99","Canon","6293B004","Alléén printen","Laser","A4","1200 x 1200","14 ppm","14 ppm","None","40,6 cm x 25,5 cm x 45,4 cm","16,6 kg"
Inkjetprinters,"HP PageWide Pro 452dwt (W2Z52B)","459,-","HP","W2Z52B","Alléén printen","Inkjet","A4","1200 x 1200","40 ppm","40 ppm","0,512 GB","53 cm x 40,7 cm x 53,9 cm","21,48 kg"
Laserprinters,"HP LaserJet Enterprise M506dn","459,-","HP","F2A69A","Alléén printen","Laser","A4","1200 x 1200","43 ppm","None","None","41,8 cm x 37,6 cm x 29,8 cm","11,8 kg"
Laserprinters,"Canon i-SENSYS LBP6030W","114,95","Canon","8468B002","Alléén printen","Laser","A4","600 x 600","18 ppm","None","None","36,4 cm x 24,9 cm x 19,9 cm","5 kg"
Laserprinters,"Samsung Xpress SL-C480","259,-","Samsung","SL-C480/SEE","All-in-one","Laser","A4","2400 x 600","18 ppm","4 ppm","None","40,6 cm x 36,2 cm x 28,9 cm","12,9 kg"
Laserprinters,"Samsung Xpress M2825ND","139,-","Samsung","SL-M2825ND/SEE","Alléén printen","Laser","A4","4800 x 600","28 ppm","None","0,128 GB","36,8 cm x 33,5 cm x 20,2 cm","7,4 kg"
Laserprinters,"Brother MFC-L5750DW","499,-","Brother","MFC-L5750DW","All-in-one","Laser","A4","1200 x 1200","40 ppm","None","None","54,5 cm x 52 cm x 64,1 cm","16,5 kg"
Laserprinters,"Lexmark MS610dn","216,68","Lexmark","35S4670","Alléén printen","Laser","A4","1200 x 1200","47 ppm","None","0,256 GB","3,99 cm x 3,82 cm x 30,6 cm","15,7 kg"
Labelprinters,"DYMO LabelManager PnP Wireless","109,-","Dymo","S0969000","None","None","None","300","None","None","None","11,4 cm x 20,1 cm x 5,7 cm","0,61 kg"
Laserprinters,"HP LaserJet Pro M203dn","168,99","HP","G3Q46A","Alléén printen","Laser","A4","1200 x 1200","28 ppm","None","None","37,1 cm x 40,7 cm x 22,4 cm","6,9 kg"
Laserprinters,"Lexmark MS415dn","143,99","Lexmark","35S4664","Alléén printen","Laser","A4","1200 x 1200","38 ppm","None","None","39,9 cm x 38,2 cm x 26,3 cm","14,2 kg"
Laserprinters,"HP LaserJet Pro MFP M227sdn","239,-","HP","G3Q74A","All-in-one","Laser","A4","1200 x 1200","28 ppm","None","0,256 GB","40,3 cm x 40,7 cm x 31,2 cm","9,4 kg"
Inkjetprinters,"HP OfficeJet Pro 8218 (J3P68A)","164,-","HP","J3P68A","Alléén printen","Inkjet","A4","1200 x 1200","20 ppm","16 ppm","0,256 GB","48,8 cm x 42,8 cm x 28,9 cm","11,48 kg"
Laserprinters,"HP LaserJet Pro MFP M26a","118,-","HP","T0L49A","All-in-one","Laser","A4","600 x 600","18 ppm","None","0,128 GB","42 cm x 26,6 cm x 25,4 cm","8 kg"
Laserprinters,"HP Color LaserJet Pro MFP M277n","289,-","HP","B3Q10A","All-in-one","Laser","A4","600 x 600","18 ppm","18 ppm","None","42 cm x 38,4 cm x 32,2 cm","15,3 kg"
Laserprinters,"HP Color LaserJet Pro M252n","179,99","HP","B4A21A","Alléén printen","Laser","A4","600 x 600","18 ppm","18 ppm","None","39,2 cm x 38,4 cm x 23,62 cm","11,4 kg"
Inkjetprinters,"Epson WorkForce Pro WF-8510DWF","999,-","Epson","C11CD44301","All-in-one","Inkjet","A3+","4800 x 1200","24 ppm","24 ppm","None","59 cm x 57 cm x 46,4 cm","34,3 kg"
Laserprinters,"Brother HL-L2360DN","131,89","Brother","HL-L2360DN","Alléén printen","Laser","A4","2400 x 600","30 ppm","None","None","35,6 cm x 36 cm x 18,3 cm","6,9 kg"
Inkjetprinters,"Brother MFC-J5930DW","329,-","Brother","MFC-J5930DW","All-in-one","Inkjet","A3","4800 x 1200","22 ppm","20 ppm","0,512 GB","53 cm x 39,8 cm x 37,5 cm","20,6 kg"
Laserprinters,"Brother DCP-L8410CDW","419,-","Brother","DCP-L8410CDW","All-in-one","Laser","A4","2400 x 600","31 ppm","31 ppm","0,512 GB","43,5 cm x 52,6 cm x 53,9 cm","27,6 kg"
Laserprinters,"Brother HL-L8260CDW","309,-","Brother","HL-L8260CDW","Alléén printen","Laser","A4","2400 x 600","31 ppm","31 ppm","0,256 GB","41 cm x 48,6 cm x 31,3 cm","21,8 kg"
Laserprinters,"Lexmark MS417DN","119,-","Lexmark","35SC280","Alléén printen","Laser","A4","1200 x 1200","38 ppm","None","None","39,9 cm x 38,2 cm x 26,3 cm","14,2 kg"
Inkjetprinters,"Epson WorkForce Pro WF-4725DWF","219,-","Epson","C11CF74404","All-in-one","Inkjet","A4","4800 x 1200","20 ppm","20 ppm","None","42,5 cm x 37,8 cm x 24,9 cm","9,1 kg"
Laserprinters,"Brother MFC-L8900CDW","1.059,-","Brother","MFC-L8900CDW","All-in-one","Laser","A4","2400 x 600","31 ppm","31 ppm","0,512 GB","49,5 cm x 52,6 cm x 54,9 cm","28,7 kg"
Laserprinters,"Lexmark CX317DN","229,-","Lexmark","28CC561","All-in-one","Laser","A4","2400 x 600","25 ppm","23 ppm","None","44,4 cm x 55,8 cm x 47 cm","27,4 kg"
Laserprinters,"Lexmark MS317DN","84,99","Lexmark","35SC080","Alléén printen","Laser","A4","1200 x 1200","33 ppm","None","None","39,9 cm x 38,2 cm x 26,3 cm","14 kg"
Inkjetprinters,"Ricoh SG 3110DNw","229,-","Ricoh Nederland B.V.","906306","Alléén printen","Inkjet","A4","3600 x 1200","12 ppm","12 ppm","0,128 GB","39,9 cm x 43,7 cm x 21,3 cm","10,5 kg"
Laserprinters,"Lexmark MX317DN","156,99","Lexmark","35SC745","All-in-one","Laser","A4","1200 x 1200","33 ppm","None","None","39,9 cm x 47,2 cm x 46,8 cm","20 kg"
Laserprinters,"Samsung Xpress M2875FD","219,-","Samsung","SL-M2875FD/SEE","All-in-one","Laser","A4","4800 x 600","28 ppm","None","0,128 GB","40,1 cm x 36,7 cm x 36,2 cm","11,3 kg"
Laserprinters,"Samsung Xpress C1810W","219,-","Samsung","SL-C1810W/SEE","Alléén printen","Laser","A4","9600 x 600","16 ppm","16 ppm","None","42 cm x 42,6 cm x 26,4 cm","16,62 kg"
Laserprinters,"Canon i-SENSYS LBP6030B","105,99","Canon","8468B006","Alléén printen","Laser","A4","600 x 600","18 ppm","None","None","36,4 cm x 24,9 cm x 19,9 cm","5 kg"
Inkjetprinters,"Canon PIXMA MG6851","113,-","Canon","0519C026","All-in-one","Inkjet","A4","4800 x 1200","15 ppm","9,7 ppm","None","45,5 cm x 36,9 cm x 14,8 cm","6,4 kg"
Inkjetprinters,"Epson WorkForce Pro WF-6590DWF","669,-","Epson","C11CD49301","All-in-one","Inkjet","A4","4800 x 1200","24 ppm","24 ppm","None","51,6 cm x 52 cm x 51,4 cm","31 kg"
3D-printers,"Ultimaker 2+","2.299,-","Ultimaker","9620","None","None","None","None","None","None","None","49,3 cm x 34,2 cm x 58,8 cm","11,3 kg"
Inkjetprinters,"Epson Stylus Photo 1500W","379,-","Epson","C11CB53302","Alléén printen","Inkjet","A3+","5760 x 1440","16 ppm","16 ppm","None","61,6 cm x 32,2 cm x 21,5 cm","11,8 kg"
Inkjetprinters,"HP ENVY Photo 6234 All-in-One","99,99","HP","K7S21B","All-in-one","Inkjet","A4","4800 x 1200","12 ppm","8 ppm","0,256 GB","45,35 cm x 41 cm x 15,56 cm","6,7 kg"
Labelprinters,"DYMO LabelWriter 450 Twin Turbo","174,-","Dymo","S0838870","None","None","None","600 x 300","None","None","None","21,7 cm x 18,7 cm x 13,4 cm","1,12 kg"
Inkjetprinters,"HP ENVY 5030 All-in-one","79,99","HP","M2U92B","All-in-one","Inkjet","A4","4800 x 1200","10 ppm","7 ppm","0,256 GB","56,4 cm x 44,5 cm x 12,8 cm","5,41 kg"
Laserprinters,"Lexmark MS818DN","389,-","Lexmark","40GC230","Alléén printen","Laser","A4","1200 x 1200","60 ppm","None","0,512 GB","42,5 cm x 51 cm x 41,9 cm","23,6 kg"
Inkjetprinters,"HP ENVY Photo 7130 All-in-One","129,99","HP","Z3M47B","All-in-one","Inkjet","A4","4800 x 1200","14 ppm","9 ppm","0,256 GB","45,35 cm x 41 cm x 15,92 cm","6,7 kg"
Labelprinters,"DYMO LetraTag LT-100T (AZERTY)","33,99","Dymo","S0758360","None","None","None","160","None","None","None","22 cm x 8,3 cm x 4,8 cm","0,229 kg"
Inkjetprinters,"HP Deskjet 3637 All-in-One","43,-","HP","K4U01B","All-in-one","Inkjet","A4","4800 x 1200","8,5 ppm","6 ppm","None","43,8 cm x 31 cm x 15,8 cm","4,17 kg"
Inkjetprinters,"HP OfficeJet 3830 e-All-in-One","59,99","HP","F5R95B","All-in-one","Inkjet","A4","1200 x 1200","8,5 ppm","6 ppm","None","45 cm x 36,4 cm x 22,44 cm","5,61 kg"
Laserprinters,"Brother DCP-1612W","115,-","Brother","DCP-1612W","All-in-one","Laser","A4","2400 x 600","20 ppm","None","0,032 GB","34 cm x 38,5 cm x 25,5 cm","7,2 kg"
Laserprinters,"Xerox WorkCentre 6515DNI","349,-","Xerox","6515V_DNI","All-in-one","LED-technologie","A4","2400 x 1200","28 ppm","28 ppm","2 GB","50,6 cm x 42 cm x 50 cm","36,2 kg"
Laserprinters,"Lexmark CX417DE","299,-","Lexmark","28DC561","All-in-one","Laser","A4","2400 x 600","30 ppm","30 ppm","None","44,4 cm x 55,8 cm x 47 cm","27,4 kg"
Inkjetprinters,"HP DeskJet 2630 All-in-One","49,99","HP","V1N03B","All-in-one","Inkjet","A4","4800 x 1200","7,5 ppm","5,5 ppm","None","42,5 cm x 30,4 cm x 14,9 cm","3,42 kg"
Laserprinters,"Xerox Phaser 6510DN","199,-","Xerox","6510V_DN","Alléén printen","LED-technologie","A4","2400 x 1200","28 ppm","28 ppm","None","48,3 cm x 47 cm x 34,7 cm","23,8 kg"
Inkjetprinters,"Canon PIXMA MG6850","87,99","Canon","0519C006AA","All-in-one","Inkjet","A4","4800 x 1200","15 ppm","9,7 ppm","None","45,5 cm x 36,9 cm x 14,8 cm","6,4 kg"
Inkjetprinters,"HP DeskJet 3720 Wit/Blauw","69,-","HP","J9V93B","All-in-one","Inkjet","A4","None","8 ppm","5,5 ppm","None","40,3 cm x 17,7 cm x 14,1 cm","2,33 kg"
Laserprinters,"Xerox WorkCentre 6515DN","329,-","Xerox","6515V_DN","All-in-one","LED-technologie","A4","2400 x 1200","28 ppm","28 ppm","None","50,6 cm x 42 cm x 50 cm","36,2 kg"
Inkjetprinters,"HP ENVY 4520 All-in-One","69,99","HP","F0V63B","All-in-one","Inkjet","A4","4800 x 1200","9,5 ppm","6,8 ppm","0,064 GB","36,7 cm x 44,5 cm x 12,8 cm","5,41 kg"
Laserprinters,"Brother MFC-L2700DW","179,-","Brother","MFC-L2700DWH1","All-in-one","Laser","A4","2400 x 600","26 ppm","None","None","40,9 cm x 39,9 cm x 31,6 cm","11,4 kg"
Inkjetprinters,"Canon PIXMA MG2950S","54,99","Canon","9500B024AA","All-in-one","Inkjet","A4","None","8 ppm","4 ppm","None","42,6 cm x 30,6 cm x 14,5 cm","3,5 kg"
Laserprinters,"Canon i-SENSYS LBP7210CDN","299,-","Canon","6373B001","Alléén printen","Laser","A4","9600 x 600","20 ppm","20 ppm","None","41,4 cm x 49,9 cm x 32,8 cm","22,3 kg"
Inkjetprinters,"Epson SureColor SC-P600","589,-","Epson","C11CE21301","Alléén printen","Inkjet","A3+","5760 x 1440","6 ppm","6 ppm","None","61,6 cm x 36,9 cm x 22,8 cm","15 kg"
Laserprinters,"Xerox WorkCentre 6605DN","769,-","Xerox","6605V_DN","All-in-one","Laser","A4","600 dpi x 600 dpi","35 ppm","35 ppm","None","43 cm x 52,8 cm x 56 cm","32,5 kg"
Inkjetprinters,"Epson Expression Photo XP-960","219,-","Epson","C11CE82402","All-in-one","Inkjet","A3","5760 x 1440","8,5 ppm","8 ppm","None","47,9 cm x 35,6 cm x 14,8 cm","8,7 kg"
Laserprinters,"Brother HL-L5100DN","219,-","Brother","HL-L5100DN","Alléén printen","Laser","A4","1200 x 1200","40 ppm","None","None","38,8 cm x 37,3 cm x 25,5 cm","10,7 kg"
Laserprinters,"Samsung Xpress SL-C480FW","289,-","Samsung","SL-C480FW/SEE","All-in-one","Laser","A4","None","18 ppm","4 ppm","None","40,6 cm x 36,2 cm x 28,9 cm","12,9 kg"
Inkjetprinters,"Epson Expression Premium XP-540","75,99","Epson","C11CF51402","All-in-one","Inkjet","A4","5760 x 1440","9,5 ppm","9 ppm","None","39 cm x 34,1 cm x 13,8 cm","6,2 kg"
Inkjetprinters,"Epson Expression Photo XP-960","219,-","Epson","C11CE82402","All-in-one","Inkjet","A3","5760 x 1440","8,5 ppm","8 ppm","None","47,9 cm x 35,6 cm x 14,8 cm","8,7 kg"
Laserprinters,"Samsung Xpress SL-C480FW","289,-","Samsung","SL-C480FW/SEE","All-in-one","Laser","A4","None","18 ppm","4 ppm","None","40,6 cm x 36,2 cm x 28,9 cm","12,9 kg"
Laserprinters,"Brother DCP-L2560DW","179,-","Brother","DCP-L2560DW","All-in-one","Laser","A4","2400 x 600","30 ppm","None","None","40,9 cm x 39,9 cm x 26,8 cm","9,9 kg"
Inkjetprinters,"HP PageWide Pro 477dwt MFP (W2Z53B)","689,-","HP","W2Z53B","All-in-one","Inkjet","A4","1200 x 1200","40 ppm","40 ppm","0,768 GB","53 cm x 40,7 cm x 62,7 cm","27,25 kg"
